"CACoastlineMolluscs","Clinocardium.nuttallii","0.0489753415499547"
"CACoastlineMolluscs","Haliotis.corrugata","0.203303851212303"
"CACoastlineMolluscs","Haliotis.cracherodii","0.0527900928347738"
"CACoastlineMolluscs","Haliotis.fulgens","0.0297969062260732"
"CACoastlineMolluscs","Haliotis.rufescens","0.218479723555405"
"CACoastlineMolluscs","Haliotis.sorensenii","0.00850791811467645"
"CACoastlineMolluscs","Mya.arenaria","0.187686307682517"
"CACoastlineMolluscs","Tivela.stultorum_","0.250459858824297"
"HubbardBrookLeps","X2","0.633486217119579"
"HubbardBrookLeps","X3","0.198300391313836"
"HubbardBrookLeps","X4","0.067019947184344"
"HubbardBrookLeps","X5","0.0629314057088553"
"HubbardBrookLeps","X6","0.0382620386713355"
"JornadaPitfallsCreosote","ARCLCHIN","0.00163398692810458"
"JornadaPitfallsCreosote","ARCOCA1","0.00559430623369242"
"JornadaPitfallsCreosote","ARCT11","0.000669344042838019"
"JornadaPitfallsCreosote","ARDICI1","0.00317460317460317"
"JornadaPitfallsCreosote","ARDICIVA","0.0013550135501355"
"JornadaPitfallsCreosote","ARDIDI1","0.00126262626262626"
"JornadaPitfallsCreosote","ARGNCEBI","0.00065359477124183"
"JornadaPitfallsCreosote","ARGNDD1","0.00294231513743709"
"JornadaPitfallsCreosote","ARGNDR1","0.00126262626262626"
"JornadaPitfallsCreosote","ARGNHA1","0.00527197398883507"
"JornadaPitfallsCreosote","ARGNHACH","0.010618666965513"
"JornadaPitfallsCreosote","ARGNHEBU","0.0216979531149254"
"JornadaPitfallsCreosote","ARGNMILO","0.00513318534961154"
"JornadaPitfallsCreosote","ARGNMIPO","0.0070371475211508"
"JornadaPitfallsCreosote","ARGNZE1","0.0013550135501355"
"JornadaPitfallsCreosote","ARGNZETU","0.000816993464052288"
"JornadaPitfallsCreosote","ARLYSC1","0.00065359477124183"
"JornadaPitfallsCreosote","ARMISY1","0.00323205347451605"
"JornadaPitfallsCreosote","AROXOXTR","0.00979172173241682"
"JornadaPitfallsCreosote","ARPHAPTE","0.0185391358593973"
"JornadaPitfallsCreosote","ARPHEB1","0.00694444444444444"
"JornadaPitfallsCreosote","ARPHEBDO","0.000669344042838019"
"JornadaPitfallsCreosote","ARPHPS1","0.0126380567480723"
"JornadaPitfallsCreosote","ARPHTHCO","0.00241545893719807"
"JornadaPitfallsCreosote","ARSAHAGE","0.00696074737462443"
"JornadaPitfallsCreosote","ARSAMETA","0.00209643605870021"
"JornadaPitfallsCreosote","ARSAPH1","0.0013550135501355"
"JornadaPitfallsCreosote","ARSILOAP","0.00102880658436214"
"JornadaPitfallsCreosote","ARTHXY1","0.00893077112589308"
"JornadaPitfallsCreosote","ARTHXYLA","0.00746596398770312"
"JornadaPitfallsCreosote","ARTR12","0.000816993464052288"
"JornadaPitfallsCreosote","ARTREUSC","0.00616960596007217"
"JornadaPitfallsCreosote","ARTRLAHE","0.00065359477124183"
"JornadaPitfallsCreosote","ARTRSTFU","0.0132311933782522"
"JornadaPitfallsCreosote","BLPOARER","0.0239250159426285"
"JornadaPitfallsCreosote","CHSCSCPO","0.00241545893719807"
"JornadaPitfallsCreosote","COANAN1","0.00335751608584877"
"JornadaPitfallsCreosote","COCACYPU","0.00126262626262626"
"JornadaPitfallsCreosote","COCAHELA","0.00703463203463203"
"JornadaPitfallsCreosote","COCAPAEL","0.00102880658436214"
"JornadaPitfallsCreosote","COCEDEGE","0.00065359477124183"
"JornadaPitfallsCreosote","COCEME1","0.0013550135501355"
"JornadaPitfallsCreosote","COCETR1","0.00168240135560397"
"JornadaPitfallsCreosote","COCHAL1","0.00205761316872428"
"JornadaPitfallsCreosote","COCHPATR","0.00065359477124183"
"JornadaPitfallsCreosote","COCOHYPL","0.00209643605870021"
"JornadaPitfallsCreosote","COCRCRDE","0.0023359961268458"
"JornadaPitfallsCreosote","COCUCICO","0.00646933570176038"
"JornadaPitfallsCreosote","COCUMILA","0.00240323157948561"
"JornadaPitfallsCreosote","COCUOPVI","0.00102880658436214"
"JornadaPitfallsCreosote","COELCOAT","0.0013550135501355"
"JornadaPitfallsCreosote","COELEURE","0.00334672021419009"
"JornadaPitfallsCreosote","COELLASC","0.0328417609548734"
"JornadaPitfallsCreosote","COHIHIAB","0.0212187615184586"
"JornadaPitfallsCreosote","COHIHO1","0.00241545893719807"
"JornadaPitfallsCreosote","COLEPTTE","0.00231849496555379"
"JornadaPitfallsCreosote","COMEEPCO","0.0013550135501355"
"JornadaPitfallsCreosote","COMYTYST","0.00324675324675325"
"JornadaPitfallsCreosote","CONICALU","0.0336760854734711"
"JornadaPitfallsCreosote","CONICASA","0.00225107089780575"
"JornadaPitfallsCreosote","COSCANRU","0.00288018433179723"
"JornadaPitfallsCreosote","COSCANVE","0.0842099077685752"
"JornadaPitfallsCreosote","COSCAP1","0.000896057347670251"
"JornadaPitfallsCreosote","COSCCAPU","0.0015015015015015"
"JornadaPitfallsCreosote","COSCDICA","0.00244570946658233"
"JornadaPitfallsCreosote","COSCDISU","0.00505050505050505"
"JornadaPitfallsCreosote","COSCEUIN","0.00241545893719807"
"JornadaPitfallsCreosote","COSCONHE","0.00494071146245059"
"JornadaPitfallsCreosote","COTEARDE","0.0163202930418102"
"JornadaPitfallsCreosote","COTEBLPI","0.00118203309692671"
"JornadaPitfallsCreosote","COTECOUN","0.00303741490573947"
"JornadaPitfallsCreosote","COTEELCA","0.00241545893719807"
"JornadaPitfallsCreosote","COTEELGR","0.00133868808567604"
"JornadaPitfallsCreosote","COTEELHI","0.012945720835883"
"JornadaPitfallsCreosote","COTEELLO","0.0013550135501355"
"JornadaPitfallsCreosote","COTEELOB","0.00118203309692671"
"JornadaPitfallsCreosote","COTEEMGL","0.0013550135501355"
"JornadaPitfallsCreosote","COTEEUCA","0.00133868808567604"
"JornadaPitfallsCreosote","COTEEURE","0.00252525252525253"
"JornadaPitfallsCreosote","COTEMECR","0.0106694826524377"
"JornadaPitfallsCreosote","COTEMETE","0.0615050282440226"
"JornadaPitfallsCreosote","COTESTCO","0.0113836780503447"
"JornadaPitfallsCreosote","COTRTRSC","0.00231849496555379"
"JornadaPitfallsCreosote","DISCOROR","0.00102880658436214"
"JornadaPitfallsCreosote","HECYPABI","0.00102880658436214"
"JornadaPitfallsCreosote","HELYEMVI","0.00512548603746907"
"JornadaPitfallsCreosote","HELYLYKA","0.00252525252525253"
"JornadaPitfallsCreosote","MIMEPRRE","0.0284673892024264"
"JornadaPitfallsCreosote","NECHCH1","0.00649350649350649"
"JornadaPitfallsCreosote","NECHERPU","0.00719498406824956"
"JornadaPitfallsCreosote","ORACACPI","0.0231518282988871"
"JornadaPitfallsCreosote","ORACAGDE","0.00593787924411231"
"JornadaPitfallsCreosote","ORACBOAR","0.0167272818358414"
"JornadaPitfallsCreosote","ORACCIPA","0.0170742378189187"
"JornadaPitfallsCreosote","ORACCLLA","0.014609555312608"
"JornadaPitfallsCreosote","ORACERSI","0.00355911467022578"
"JornadaPitfallsCreosote","ORACHEVI","0.00126262626262626"
"JornadaPitfallsCreosote","ORACPAPA","0.00118203309692671"
"JornadaPitfallsCreosote","ORACPSTE","0.00221083968128885"
"JornadaPitfallsCreosote","ORACTRPA","0.0456386672514614"
"JornadaPitfallsCreosote","ORGRGR1","0.123503684022007"
"JornadaPitfallsCreosote","ORGYCEPA","0.00399159663865546"
"JornadaPitfallsCreosote","ORMOCYCO","0.0048087255534064"
"JornadaPitfallsCreosote","ORROPHRO","0.00102880658436214"
"JornadaPitfallsCreosote","ORSCANVE","0.0128851540616246"
"JornadaPitfallsCreosote","ORTEAR1","0.00241545893719807"
"JornadaPitfallsCreosote","ORTEARGR","0.00118203309692671"
"JornadaPitfallsCreosote","ORTECAFU","0.00118203309692671"
"JornadaPitfallsCreosote","ORTEINEL","0.0192318742830252"
"JornadaPitfallsCreosote","ORTEINSP","0.00524425052565066"
"JornadaPitfallsCreosote","PSCHDASI","0.000669344042838019"
"JornadaPitfallsCreosote","SCVAVACO","0.0442028409978251"
"JornadaPitfallsCreosote","SOERER1","0.0233660742943667"
"JornadaPitfallsGrassland","ARAGAG1","0.00146198830409357"
"JornadaPitfallsGrassland","ARCOCA1","0.00468260022035766"
"JornadaPitfallsGrassland","ARDICI1","0.00488564601467827"
"JornadaPitfallsGrassland","ARDICIVA","0.00103963612735543"
"JornadaPitfallsGrassland","ARDIDI1","0.00275629056637325"
"JornadaPitfallsGrassland","ARGNCAMU","0.000805152979066023"
"JornadaPitfallsGrassland","ARGNCEBI","0.000340831629175187"
"JornadaPitfallsGrassland","ARGNCESI","0.00464198129732935"
"JornadaPitfallsGrassland","ARGNDD1","0.00560163284375779"
"JornadaPitfallsGrassland","ARGNDDGO","0.000805152979066023"
"JornadaPitfallsGrassland","ARGNDR1","0.000430663221360896"
"JornadaPitfallsGrassland","ARGNDRMU","0.000375375375375375"
"JornadaPitfallsGrassland","ARGNHA1","0.0146346346346346"
"JornadaPitfallsGrassland","ARGNHACH","0.00847953216374269"
"JornadaPitfallsGrassland","ARGNHE1","0.00146198830409357"
"JornadaPitfallsGrassland","ARGNHEBU","0.00302087802087802"
"JornadaPitfallsGrassland","ARGNMI1","0.000730994152046784"
"JornadaPitfallsGrassland","ARGNMILO","0.00418870457547438"
"JornadaPitfallsGrassland","ARGNZE1","0.00106116936411467"
"JornadaPitfallsGrassland","ARGNZEAN","0.00282531482079432"
"JornadaPitfallsGrassland","ARGNZELA","0.000430663221360896"
"JornadaPitfallsGrassland","ARGNZETU","0.00317995743943852"
"JornadaPitfallsGrassland","ARLILI1","0.000340831629175187"
"JornadaPitfallsGrassland","ARLYGLGU","0.000308641975308642"
"JornadaPitfallsGrassland","ARLYLY1","0.0103082223441404"
"JornadaPitfallsGrassland","ARLYSC1","0.00343600937828442"
"JornadaPitfallsGrassland","ARLYVAGO","0.000256016385048643"
"JornadaPitfallsGrassland","ARMIMIHE","0.000256016385048643"
"JornadaPitfallsGrassland","ARMISY1","0.00299872207776331"
"JornadaPitfallsGrassland","AROXOXTR","0.00533180460147591"
"JornadaPitfallsGrassland","ARPHAPTE","0.0049154638951571"
"JornadaPitfallsGrassland","ARPHEB1","0.00114186522090645"
"JornadaPitfallsGrassland","ARPHEBDO","0.00318328768979937"
"JornadaPitfallsGrassland","ARPHPS1","0.00117552334943639"
"JornadaPitfallsGrassland","ARPHTHCO","0.00343600937828442"
"JornadaPitfallsGrassland","ARPHTHFO","0.000958115579792471"
"JornadaPitfallsGrassland","ARSAHAGE","0.00279312516692777"
"JornadaPitfallsGrassland","ARSAPH1","0.000564658360357285"
"JornadaPitfallsGrassland","ARSASA2","0.000681663258350375"
"JornadaPitfallsGrassland","ARSILOAP","0.000308641975308642"
"JornadaPitfallsGrassland","ARTHXY1","0.00283864221347624"
"JornadaPitfallsGrassland","ARTHXYCU","0.00146198830409357"
"JornadaPitfallsGrassland","ARTHXYFA","0.00153614713111281"
"JornadaPitfallsGrassland","ARTHXYLA","0.00157664782960211"
"JornadaPitfallsGrassland","ARTREUSC","0.000925925925925926"
"JornadaPitfallsGrassland","ARTRLAHE","0.00607275402776425"
"JornadaPitfallsGrassland","ARTRSTFU","0.000564658360357285"
"JornadaPitfallsGrassland","BLBLPADE","0.0162005188176508"
"JornadaPitfallsGrassland","BLPOARER","0.0537838863135977"
"JornadaPitfallsGrassland","CHLILIFO","0.000730994152046784"
"JornadaPitfallsGrassland","CHSCSCPO","0.00665522501906941"
"JornadaPitfallsGrassland","CHSCSCVI","0.00146198830409357"
"JornadaPitfallsGrassland","CHSCSOVI","0.000256016385048643"
"JornadaPitfallsGrassland","COANAN1","0.00223449631353755"
"JornadaPitfallsGrassland","COCACILE","0.000375375375375375"
"JornadaPitfallsGrassland","COCACYPU","0.00136569195208855"
"JornadaPitfallsGrassland","COCAEUGR","0.000626386755419014"
"JornadaPitfallsGrassland","COCAHAPE","0.000430663221360896"
"JornadaPitfallsGrassland","COCAHELA","0.00037037037037037"
"JornadaPitfallsGrassland","COCAPACA","0.0106280193236715"
"JornadaPitfallsGrassland","COCAPAEL","0.00207927225471085"
"JornadaPitfallsGrassland","COCAPAOB","0.00146198830409357"
"JornadaPitfallsGrassland","COCETR1","0.000617283950617284"
"JornadaPitfallsGrassland","COCRCRDE","0.0101942879899869"
"JornadaPitfallsGrassland","COCUCICO","0.0041343669250646"
"JornadaPitfallsGrassland","COCUOP1","0.000730994152046784"
"JornadaPitfallsGrassland","COELARDE","0.000771494850536083"
"JornadaPitfallsGrassland","COELCOAT","0.00114291393361161"
"JornadaPitfallsGrassland","COELLASC","0.00867446393762183"
"JornadaPitfallsGrassland","COHIHIAB","0.00154320987654321"
"JornadaPitfallsGrassland","COLEPTTE","0.00230072068281621"
"JornadaPitfallsGrassland","COMEEPCO","0.000375375375375375"
"JornadaPitfallsGrassland","CONICALU","0.00234093742865673"
"JornadaPitfallsGrassland","COSCANVE","0.0108169117299973"
"JornadaPitfallsGrassland","COSCBOEB","0.0013013013013013"
"JornadaPitfallsGrassland","COSCCAPU","0.00225546058879392"
"JornadaPitfallsGrassland","COSCDIGA","0.000730994152046784"
"JornadaPitfallsGrassland","COSCDISU","0.0138888888888889"
"JornadaPitfallsGrassland","COSCSCVI","0.00146198830409357"
"JornadaPitfallsGrassland","COTEARDE","0.0107600176491416"
"JornadaPitfallsGrassland","COTEARRU","0.00171800468914221"
"JornadaPitfallsGrassland","COTECOUN","0.00159232059476858"
"JornadaPitfallsGrassland","COTEELCA","0.00308641975308642"
"JornadaPitfallsGrassland","COTEELEX","0.00383717050383717"
"JornadaPitfallsGrassland","COTEELHI","0.0162761299203885"
"JornadaPitfallsGrassland","COTEELLO","0.0165156616033809"
"JornadaPitfallsGrassland","COTEEMCO","0.00146198830409357"
"JornadaPitfallsGrassland","COTEGLSO","0.000740740740740741"
"JornadaPitfallsGrassland","COTEMECR","0.0528438113390988"
"JornadaPitfallsGrassland","COTETRPR","0.00102751123558473"
"JornadaPitfallsGrassland","COTRTRSC","0.0191607937221972"
"JornadaPitfallsGrassland","DISCOROR","0.000861326442721792"
"JornadaPitfallsGrassland","HELALA1","0.000679012345679012"
"JornadaPitfallsGrassland","HELYEMVI","0.0296235206604532"
"JornadaPitfallsGrassland","HELYLYKA","0.00154320987654321"
"JornadaPitfallsGrassland","HELYNELA","0.000617283950617284"
"JornadaPitfallsGrassland","HELYPABI","0.000617283950617284"
"JornadaPitfallsGrassland","HETICO1","0.00123456790123457"
"JornadaPitfallsGrassland","HYMUDAKL","0.000308641975308642"
"JornadaPitfallsGrassland","HYMUPSPR","0.000925925925925926"
"JornadaPitfallsGrassland","HYPOPEFO","0.000375375375375375"
"JornadaPitfallsGrassland","MIMEPRRE","0.138674762101307"
"JornadaPitfallsGrassland","NECHCH1","0.00241545893719807"
"JornadaPitfallsGrassland","ORACACPI","0.0145919437113059"
"JornadaPitfallsGrassland","ORACAGDE","0.000617283950617284"
"JornadaPitfallsGrassland","ORACARCO","0.00462962962962963"
"JornadaPitfallsGrassland","ORACARPS","0.00171800468914221"
"JornadaPitfallsGrassland","ORACAUEL","0.00146198830409357"
"JornadaPitfallsGrassland","ORACBOAR","0.00111232647971127"
"JornadaPitfallsGrassland","ORACCIPA","0.00142450142450142"
"JornadaPitfallsGrassland","ORACERSI","0.0101851851851852"
"JornadaPitfallsGrassland","ORACME1","0.00241545893719807"
"JornadaPitfallsGrassland","ORACMEBO","0.00241545893719807"
"JornadaPitfallsGrassland","ORACPAPA","0.000256016385048643"
"JornadaPitfallsGrassland","ORACPSTE","0.00171800468914221"
"JornadaPitfallsGrassland","ORACTRFO","0.00388007054673721"
"JornadaPitfallsGrassland","ORACTRPA","0.0175205525892025"
"JornadaPitfallsGrassland","ORACXACO","0.00185185185185185"
"JornadaPitfallsGrassland","ORGRGR1","0.189013746534358"
"JornadaPitfallsGrassland","ORGYCEPA","0.000430663221360896"
"JornadaPitfallsGrassland","ORGYDAHA","0.0308783142116475"
"JornadaPitfallsGrassland","ORMOCYCO","0.0109933670079828"
"JornadaPitfallsGrassland","ORRHAMPH","0.0238095238095238"
"JornadaPitfallsGrassland","ORRHCEPA","0.00037037037037037"
"JornadaPitfallsGrassland","ORTEAR1","0.000256016385048643"
"JornadaPitfallsGrassland","ORTEARGR","0.00383717050383717"
"JornadaPitfallsGrassland","ORTEERSC","0.00443469785575049"
"JornadaPitfallsGrassland","ORTEINEL","0.0012962962962963"
"JornadaPitfallsGrassland","PSCHDASI","0.00111111111111111"
"JornadaPitfallsGrassland","SCVAVACO","0.0336751747961371"
"JornadaPitfallsGrassland","SCVAVARU","0.00037037037037037"
"JornadaPitfallsGrassland","SOERER1","0.0396733030896005"
"JornadaPitfallsMesquite","ARCLNECH","0.00308641975308642"
"JornadaPitfallsMesquite","ARDICI1","0.00185185185185185"
"JornadaPitfallsMesquite","ARGNHEBU","0.00185185185185185"
"JornadaPitfallsMesquite","ARGNZE1","0.00326797385620915"
"JornadaPitfallsMesquite","ARLYGERA","0.00326797385620915"
"JornadaPitfallsMesquite","ARPHEBDO","0.00132275132275132"
"JornadaPitfallsMesquite","ARTHXY1","0.00617283950617284"
"JornadaPitfallsMesquite","ARTRLAHE","0.000910746812386157"
"JornadaPitfallsMesquite","ARTRSTFU","0.00308641975308642"
"JornadaPitfallsMesquite","BLPOARER","0.0486928104575163"
"JornadaPitfallsMesquite","COANAN1","0.00705467372134039"
"JornadaPitfallsMesquite","COANANO1","0.00132275132275132"
"JornadaPitfallsMesquite","COANNIVE","0.000910746812386157"
"JornadaPitfallsMesquite","COCABE1","0.00252525252525253"
"JornadaPitfallsMesquite","COCACYPU","0.00466200466200466"
"JornadaPitfallsMesquite","COCAPACA","0.000910746812386157"
"JornadaPitfallsMesquite","COELAG1","0.00308641975308642"
"JornadaPitfallsMesquite","COELAGRE","0.018009768009768"
"JornadaPitfallsMesquite","COELARDE","0.00182149362477231"
"JornadaPitfallsMesquite","COELCOAT","0.00142450142450142"
"JornadaPitfallsMesquite","COELLASC","0.13209159667493"
"JornadaPitfallsMesquite","COELNEAR","0.0128883462216796"
"JornadaPitfallsMesquite","COLASTDE","0.00185185185185185"
"JornadaPitfallsMesquite","COLEPTTE","0.00264550264550265"
"JornadaPitfallsMesquite","COMEEP1","0.00132275132275132"
"JornadaPitfallsMesquite","CONICALU","0.0111111111111111"
"JornadaPitfallsMesquite","COSCANVE","0.0154020652252732"
"JornadaPitfallsMesquite","COSCCAPU","0.00284900284900285"
"JornadaPitfallsMesquite","COSCDICA","0.0158869488666981"
"JornadaPitfallsMesquite","COSCONHE","0.00427350427350427"
"JornadaPitfallsMesquite","COSTHACA","0.00326797385620915"
"JornadaPitfallsMesquite","COTEELCA","0.00356125356125356"
"JornadaPitfallsMesquite","COTEELEX","0.00848650438814373"
"JornadaPitfallsMesquite","COTEELHI","0.123273953328598"
"JornadaPitfallsMesquite","COTEELLO","0.0314801393232766"
"JornadaPitfallsMesquite","COTEELOB","0.0119949494949495"
"JornadaPitfallsMesquite","COTEEMGL","0.00451092117758784"
"JornadaPitfallsMesquite","COTEEURE","0.00142450142450142"
"JornadaPitfallsMesquite","COTEMECR","0.024013357619915"
"JornadaPitfallsMesquite","COTETRPR","0.00529100529100529"
"JornadaPitfallsMesquite","COTRTRSC","0.014496396849338"
"JornadaPitfallsMesquite","DISPOROR","0.00213675213675214"
"JornadaPitfallsMesquite","HELYEMVI","0.00518425108589043"
"JornadaPitfallsMesquite","HYMUDAKL","0.00505050505050505"
"JornadaPitfallsMesquite","HYPOPO1","0.00925925925925926"
"JornadaPitfallsMesquite","MIMEPRRE","0.00364298724954463"
"JornadaPitfallsMesquite","OP111","0.00185185185185185"
"JornadaPitfallsMesquite","ORACACPI","0.0576923076923077"
"JornadaPitfallsMesquite","ORACBOAR","0.00185185185185185"
"JornadaPitfallsMesquite","ORACCIPA","0.0446548821548822"
"JornadaPitfallsMesquite","ORACERSI","0.0158730158730159"
"JornadaPitfallsMesquite","ORACME1","0.00396825396825397"
"JornadaPitfallsMesquite","ORACTRPA","0.0103295813678327"
"JornadaPitfallsMesquite","ORGRGR1","0.139020575080122"
"JornadaPitfallsMesquite","ORGRGRO1","0.00837742504409171"
"JornadaPitfallsMesquite","ORGYDAHA","0.0259801926468593"
"JornadaPitfallsMesquite","ORRHAMPH","0.0253998316498316"
"JornadaPitfallsMesquite","ORTEERSC","0.0175167677899918"
"JornadaPitfallsMesquite","ORTEINEL","0.0184506851173518"
"JornadaPitfallsMesquite","ORTEINSP","0.00437710437710438"
"JornadaPitfallsMesquite","SCVAVACO","0.0398807753938741"
"JornadaPitfallsMesquite","SOERER1","0.0121375083123717"
"JornadaPitfallsTarbush","ARCOCA1","0.00982619028301759"
"JornadaPitfallsTarbush","ARDICI1","0.00231481481481481"
"JornadaPitfallsTarbush","ARDIDI1","0.00123456790123457"
"JornadaPitfallsTarbush","ARGNCEBI","0.00341961279461279"
"JornadaPitfallsTarbush","ARGNDD1","0.00532106782106782"
"JornadaPitfallsTarbush","ARGNDDGO","0.00162422345520937"
"JornadaPitfallsTarbush","ARGNDR1","0.00300625300625301"
"JornadaPitfallsTarbush","ARGNDRLE","0.0037037037037037"
"JornadaPitfallsTarbush","ARGNGN1","0.00442003875102467"
"JornadaPitfallsTarbush","ARGNHACH","0.00168350168350168"
"JornadaPitfallsTarbush","ARGNHEBU","0.00113378684807256"
"JornadaPitfallsTarbush","ARGNMI1","0.00230373914584441"
"JornadaPitfallsTarbush","ARGNMILO","0.00403634740984139"
"JornadaPitfallsTarbush","ARGNMITR","0.000841750841750842"
"JornadaPitfallsTarbush","ARGNZETU","0.00246597429696021"
"JornadaPitfallsTarbush","ARLILI1","0.000669344042838019"
"JornadaPitfallsTarbush","ARLYLY1","0.00527820302795455"
"JornadaPitfallsTarbush","ARLYSC1","0.00454545454545455"
"JornadaPitfallsTarbush","ARMISY1","0.00440732107398774"
"JornadaPitfallsTarbush","AROXOXTR","0.00252525252525253"
"JornadaPitfallsTarbush","ARPHAPTE","0.0154701609568616"
"JornadaPitfallsTarbush","ARPHEB1","0.00113378684807256"
"JornadaPitfallsTarbush","ARPHEBDO","0.00685425685425685"
"JornadaPitfallsTarbush","ARPHEBPA","0.0037037037037037"
"JornadaPitfallsTarbush","ARPHPS1","0.0040415473352655"
"JornadaPitfallsTarbush","ARPHTH1","0.00132275132275132"
"JornadaPitfallsTarbush","ARPHTHCO","0.00477207977207977"
"JornadaPitfallsTarbush","ARSAHAGE","0.00440896308205426"
"JornadaPitfallsTarbush","ARSAPH1","0.0037037037037037"
"JornadaPitfallsTarbush","ARSASA1","0.00231481481481481"
"JornadaPitfallsTarbush","ARTHXY1","0.0120971620971621"
"JornadaPitfallsTarbush","ARTHXYFA","0.000841750841750842"
"JornadaPitfallsTarbush","ARTHXYLA","0.000669344042838019"
"JornadaPitfallsTarbush","ARTREUSC","0.00132275132275132"
"JornadaPitfallsTarbush","ARTRLAHE","0.00257786195286195"
"JornadaPitfallsTarbush","ARTRSTFU","0.00634920634920635"
"JornadaPitfallsTarbush","BLPOARER","0.0115645296035788"
"JornadaPitfallsTarbush","CHLI11","0.00123456790123457"
"JornadaPitfallsTarbush","CHLILIFO","0.00226757369614512"
"JornadaPitfallsTarbush","CHSCSCPO","0.00687494602064171"
"JornadaPitfallsTarbush","CHSCSCVI","0.0143162393162393"
"JornadaPitfallsTarbush","COANAN1","0.00688613038010628"
"JornadaPitfallsTarbush","COCACILE","0.0111111111111111"
"JornadaPitfallsTarbush","COCAHAPE","0.00113378684807256"
"JornadaPitfallsTarbush","COCAHELA","0.00126262626262626"
"JornadaPitfallsTarbush","COCAPACA","0.0630169198092869"
"JornadaPitfallsTarbush","COCAPAEL","0.0115737308207188"
"JornadaPitfallsTarbush","COCHZYTO","0.0143507187257187"
"JornadaPitfallsTarbush","COCLCYNE","0.000782472613458529"
"JornadaPitfallsTarbush","COCOHYPL","0.00156494522691706"
"JornadaPitfallsTarbush","COCRCRDE","0.00230373914584441"
"JornadaPitfallsTarbush","COCUMILA","0.000782472613458529"
"JornadaPitfallsTarbush","COCUOP1","0.00757575757575758"
"JornadaPitfallsTarbush","COCUOPVI","0.00132275132275132"
"JornadaPitfallsTarbush","COCUSM1","0.00113378684807256"
"JornadaPitfallsTarbush","COELAG1","0.00231481481481481"
"JornadaPitfallsTarbush","COELAGRE","0.0111111111111111"
"JornadaPitfallsTarbush","COELARDE","0.000841750841750842"
"JornadaPitfallsTarbush","COELCOAT","0.00113378684807256"
"JornadaPitfallsTarbush","COELELHI","0.0024066960686679"
"JornadaPitfallsTarbush","COELLASC","0.0240503833168373"
"JornadaPitfallsTarbush","COELNEAR","0.00336700336700337"
"JornadaPitfallsTarbush","COHIHIAB","0.00369153381201574"
"JornadaPitfallsTarbush","COLEPTTE","0.00431736722059303"
"JornadaPitfallsTarbush","COMEEPPE","0.00542117077204796"
"JornadaPitfallsTarbush","COMOMOAT","0.000669344042838019"
"JornadaPitfallsTarbush","CONICALU","0.00664563013960604"
"JornadaPitfallsTarbush","CONICASA","0.00113378684807256"
"JornadaPitfallsTarbush","COSCANVE","0.0498766650814414"
"JornadaPitfallsTarbush","COSCDICA","0.00950772788122186"
"JornadaPitfallsTarbush","COSCENIN","0.00226757369614512"
"JornadaPitfallsTarbush","COSTHACA","0.000841750841750842"
"JornadaPitfallsTarbush","COTEARDE","0.00827586765086765"
"JornadaPitfallsTarbush","COTEARRU","0.00294612794612795"
"JornadaPitfallsTarbush","COTEBLPI","0.00111111111111111"
"JornadaPitfallsTarbush","COTECOUN","0.00615174299384826"
"JornadaPitfallsTarbush","COTEELGR","0.00156494522691706"
"JornadaPitfallsTarbush","COTEELHI","0.0227547279066923"
"JornadaPitfallsTarbush","COTEELLO","0.00702604274032845"
"JornadaPitfallsTarbush","COTEEUCA","0.000841750841750842"
"JornadaPitfallsTarbush","COTEEURE","0.00231481481481481"
"JornadaPitfallsTarbush","COTEMECR","0.0699301651384175"
"JornadaPitfallsTarbush","COTEMETE","0.00359362859362859"
"JornadaPitfallsTarbush","COTETRPR","0.0170480071385504"
"JornadaPitfallsTarbush","COTRTRSC","0.0200936629508058"
"JornadaPitfallsTarbush","DISCOROR","0.00168350168350168"
"JornadaPitfallsTarbush","DISPOROR","0.00361547198896596"
"JornadaPitfallsTarbush","HECYPABI","0.00761378848728246"
"JornadaPitfallsTarbush","HELYEMVI","0.00168350168350168"
"JornadaPitfallsTarbush","HETICO1","0.0119206986676866"
"JornadaPitfallsTarbush","HYMUDAKL","0.00106837606837607"
"JornadaPitfallsTarbush","HYMUPSPR","0.0108482787054216"
"JornadaPitfallsTarbush","HYPOPO1","0.00132275132275132"
"JornadaPitfallsTarbush","MIMEPRRE","0.0831936073976844"
"JornadaPitfallsTarbush","NECHERPU","0.00676366964744158"
"JornadaPitfallsTarbush","ORACACPI","0.0171775304779691"
"JornadaPitfallsTarbush","ORACARCO","0.00106837606837607"
"JornadaPitfallsTarbush","ORACARPS","0.00173611111111111"
"JornadaPitfallsTarbush","ORACCAOL","0.01553543241169"
"JornadaPitfallsTarbush","ORACCIPA","0.00982967881464122"
"JornadaPitfallsTarbush","ORACERSI","0.00266143940842736"
"JornadaPitfallsTarbush","ORACHEVI","0.00173611111111111"
"JornadaPitfallsTarbush","ORACLIPL","0.00493827160493827"
"JornadaPitfallsTarbush","ORACME1","0.0183831908831909"
"JornadaPitfallsTarbush","ORACMEAR","0.00555555555555556"
"JornadaPitfallsTarbush","ORACMEBO","0.00239641311069883"
"JornadaPitfallsTarbush","ORACPAPA","0.00111111111111111"
"JornadaPitfallsTarbush","ORACPSTE","0.00493827160493827"
"JornadaPitfallsTarbush","ORACTRPA","0.00961853901353837"
"JornadaPitfallsTarbush","ORACXACO","0.00383251892306218"
"JornadaPitfallsTarbush","ORGRGR1","0.0318822706244862"
"JornadaPitfallsTarbush","ORGYCEPA","0.00300625300625301"
"JornadaPitfallsTarbush","ORMOCYCO","0.0149813928761297"
"JornadaPitfallsTarbush","ORTEAR1","0.00111111111111111"
"JornadaPitfallsTarbush","ORTEDIBR","0.00600258659469186"
"JornadaPitfallsTarbush","ORTEERSC","0.0172270126562413"
"JornadaPitfallsTarbush","ORTEINEL","0.007768450816542"
"JornadaPitfallsTarbush","ORTEINSP","0.00123456790123457"
"JornadaPitfallsTarbush","PHHEPSST","0.00173611111111111"
"JornadaPitfallsTarbush","PSCHDASI","0.00173611111111111"
"JornadaPitfallsTarbush","SCVAVACO","0.0246685247840893"
"JornadaPitfallsTarbush","SOERER1","0.0677589199719031"
"LuquilloSnails","AULALT","0.00384046459608048"
"LuquilloSnails","ALCALT","0.00386803823317427"
"LuquilloSnails","ALCSTR","0.0233283870884717"
"LuquilloSnails","CARCAR","0.397442633797465"
"LuquilloSnails","CARMAR","0.00403055064040118"
"LuquilloSnails","CEPMUS","0.000158403242322806"
"LuquilloSnails","CEPSQU","0.0116378232519356"
"LuquilloSnails","GAENIG","0.117512127369564"
"LuquilloSnails","LAMGRA","0.00177430828368243"
"LuquilloSnails","MEGCRO","0.002503937555859"
"LuquilloSnails","NENTRI","0.371380891883205"
"LuquilloSnails","OLEGLA","0.00441231494795329"
"LuquilloSnails","OLEPLA","0.00289370757813935"
"LuquilloSnails","OBETER","0.000529329682190197"
"LuquilloSnails","POLACU","0.0139411351828383"
"LuquilloSnails","PLAPOR","0.0240792674494958"
"LuquilloSnails","SUBOCT","0.0149652765639994"
"LuquilloSnails","VAGOCC","0.00170140265322251"
"OneidaLakeZooplankton","X1","0.00528720629544446"
"OneidaLakeZooplankton","X2","9.64563442196081e-05"
"OneidaLakeZooplankton","X3","0.0687351817615035"
"OneidaLakeZooplankton","X4","0.000361022357920579"
"OneidaLakeZooplankton","X5","0.00326923276881631"
"OneidaLakeZooplankton","X6","0.166583168203513"
"OneidaLakeZooplankton","X7","0.0846723049342987"
"OneidaLakeZooplankton","X8","0.103494155949665"
"OneidaLakeZooplankton","X9","0.00681725073807515"
"OneidaLakeZooplankton","X10","0.11269504472985"
"OneidaLakeZooplankton","X11","0.0137955844747193"
"OneidaLakeZooplankton","X12","0.191861056621843"
"OneidaLakeZooplankton","X13","0.0466563365765604"
"OneidaLakeZooplankton","X14","0.0143882684753262"
"OneidaLakeZooplankton","X15","0.000117368375702029"
"OneidaLakeZooplankton","X16","0.0304108341689586"
"OneidaLakeZooplankton","X17","0.000272964261889137"
"OneidaLakeZooplankton","X18","0.0368721511895758"
"OneidaLakeZooplankton","X19","0.0797380679497181"
"OneidaLakeZooplankton","X20","0.00109140133366024"
"OneidaLakeZooplankton","X22","0.0121343496235322"
"OneidaLakeZooplankton","X23","0.000327252225868628"
"OneidaLakeZooplankton","X26","0.00717425196695291"
"OneidaLakeZooplankton","X27","0.000933615665178259"
"OneidaLakeZooplankton","X28","0.000322060351442999"
"OneidaLakeZooplankton","X29","0.00421112819647628"
"OneidaLakeZooplankton","X31","2.31882402503365e-05"
"OneidaLakeZooplankton","X32","0.0322971760084467"
"OneidaLakeZooplankton","X33","0.00235399788299671"
"OneidaLakeZooplankton","X34","5.35117470297046e-06"
"OneidaLakeZooplankton","X35","0.000114107928694046"
"OneidaLakeZooplankton","X36","2.74443215502881e-05"
"OneidaLakeZooplankton","X37","0.00159180333217629"
"PacificCoastArthropodsCAY","hermit.crabs","0.145454545466234"
"PacificCoastArthropodsCAY","idotea.spp","0.000525486074619023"
"PacificCoastArthropodsCAY","pachycheles.spp","0"
"PacificCoastArthropodsCAY","pachygrapsus.crassipes","0.145942779739628"
"PacificCoastArthropodsCAY","pachygrapsus.crassipes.and.hemigrapsus.nudus.recruits","0.000671933013447275"
"PacificCoastArthropodsCAY","pagurus.beringanus","0"
"PacificCoastArthropodsCAY","pagurus.granosimanus","0.000841750841750842"
"PacificCoastArthropodsCAY","pagurus.hirsutiusculus","0.304743814671393"
"PacificCoastArthropodsCAY","pagurus.samuelis","0.400491849065853"
"PacificCoastArthropodsCAY","pagurus.spp","0"
"PacificCoastArthropodsCAY","petrolisthes.spp","0.00065167807103291"
"PacificCoastArthropodsCAY","pugettia.spp","0.00067616308526247"
"PacificCoastEchinoderms","asterina.miniata","0.419361406660295"
"PacificCoastEchinoderms","henricia.spp","0"
"PacificCoastEchinoderms","leptasterias.spp","0.000599982043743686"
"PacificCoastEchinoderms","pisaster.brevispinus","0"
"PacificCoastEchinoderms","pisaster.giganteus","0.0306082125128802"
"PacificCoastEchinoderms","pisaster.ochraceus","0.545608925627083"
"PacificCoastEchinoderms","pycnopodia.helianhoides","0"
"PacificCoastEchinoderms","strongylocentrotus.purpuratus","0.00382147322134247"
"PacificCoastMolluscsBOA","acanthinucella.spp","0.00450657694107287"
"PacificCoastMolluscsBOA","alia.spp","0"
"PacificCoastMolluscsBOA","amphissa.versicolor","4.47783938289222e-05"
"PacificCoastMolluscsBOA","aplysia.californica","0"
"PacificCoastMolluscsBOA","bittium.eschrichtii","0"
"PacificCoastMolluscsBOA","calliostoma.spp","0"
"PacificCoastMolluscsBOA","ceratostoma.nuttalli","0"
"PacificCoastMolluscsBOA","chitons","0.00169371564549575"
"PacificCoastMolluscsBOA","conus.californicus","0"
"PacificCoastMolluscsBOA","crepidula.spp","0"
"PacificCoastMolluscsBOA","epitonium.tinctum","1.87749785912779e-05"
"PacificCoastMolluscsBOA","fissurella.volcano","1.01055014349812e-05"
"PacificCoastMolluscsBOA","homalopoma.spp","0"
"PacificCoastMolluscsBOA","katharina.tunicata","0"
"PacificCoastMolluscsBOA","kelletia.kelletii","0"
"PacificCoastMolluscsBOA","lepidochitona.dentiens","0.000455835465324049"
"PacificCoastMolluscsBOA","lepidochitona.hartwegii","0.0035500634497226"
"PacificCoastMolluscsBOA","lepidochitona.spp","1.19209403237727e-05"
"PacificCoastMolluscsBOA","lepidozona.spp","0"
"PacificCoastMolluscsBOA","limpets.over.15.mm.in.size","0.0273663151929796"
"PacificCoastMolluscsBOA","littorina.spp","0.603450362395889"
"PacificCoastMolluscsBOA","macron.lividus","0"
"PacificCoastMolluscsBOA","mopalia.spp","9.87617038969852e-05"
"PacificCoastMolluscsBOA","norrisia.norrisi","0"
"PacificCoastMolluscsBOA","nucella.canaliculata","0"
"PacificCoastMolluscsBOA","nucella.emarginata","0.00593281336997621"
"PacificCoastMolluscsBOA","nucella.lamellosa","0"
"PacificCoastMolluscsBOA","nucella.spp","0"
"PacificCoastMolluscsBOA","nuttallina.spp","0.00577746041099875"
"PacificCoastMolluscsBOA","ocenebra.circumtexta","9.54473109800324e-05"
"PacificCoastMolluscsBOA","ocenebra.poulsoni","0"
"PacificCoastMolluscsBOA","ocenebra.spp","0"
"PacificCoastMolluscsBOA","onchidella.borealis","0"
"PacificCoastMolluscsBOA","opalia.spp_","0"
"PacificCoastMolluscsBOA","tegula.aureotincta","0"
"PacificCoastMolluscsBOA","tegula.brunnea","0"
"PacificCoastMolluscsBOA","tegula.eiseni","0"
"PacificCoastMolluscsBOA","tegula.funebralis","0.346987068299485"
"PacificCoastMolluscsBOA","tegula.gallina","0"
"PacificCoastMolluscsBOA","tonicella.spp","0"
"PacificCoastMolluscsCAY","acanthinucella.spp","0.00986505607328592"
"PacificCoastMolluscsCAY","alia.spp","0"
"PacificCoastMolluscsCAY","amphissa.versicolor","6.88653063473153e-06"
"PacificCoastMolluscsCAY","aplysia.californica","0"
"PacificCoastMolluscsCAY","bittium.eschrichtii","2.7492927386595e-05"
"PacificCoastMolluscsCAY","calliostoma.spp","0"
"PacificCoastMolluscsCAY","ceratostoma.nuttalli","0"
"PacificCoastMolluscsCAY","chitons","0.000145299559258004"
"PacificCoastMolluscsCAY","conus.californicus","0"
"PacificCoastMolluscsCAY","crepidula.spp","0"
"PacificCoastMolluscsCAY","epitonium.tinctum","1.37730612694631e-05"
"PacificCoastMolluscsCAY","fissurella.volcano","5.61028702228406e-06"
"PacificCoastMolluscsCAY","homalopoma.spp","0"
"PacificCoastMolluscsCAY","katharina.tunicata","0"
"PacificCoastMolluscsCAY","kelletia.kelletii","0"
"PacificCoastMolluscsCAY","lepidochitona.dentiens","0.000431372075689136"
"PacificCoastMolluscsCAY","lepidochitona.hartwegii","0.00987057601339584"
"PacificCoastMolluscsCAY","lepidochitona.spp","0"
"PacificCoastMolluscsCAY","lepidozona.spp","0"
"PacificCoastMolluscsCAY","limpets.over.15.mm.in.size","0.013182806449578"
"PacificCoastMolluscsCAY","littorina.spp","0.642861059866027"
"PacificCoastMolluscsCAY","macron.lividus","0"
"PacificCoastMolluscsCAY","mopalia.spp","7.87705672387174e-05"
"PacificCoastMolluscsCAY","norrisia.norrisi","0"
"PacificCoastMolluscsCAY","nucella.canaliculata","0"
"PacificCoastMolluscsCAY","nucella.emarginata","0.00532775113264141"
"PacificCoastMolluscsCAY","nucella.lamellosa","0"
"PacificCoastMolluscsCAY","nucella.spp","0"
"PacificCoastMolluscsCAY","nuttallina.spp","0.000677900280439585"
"PacificCoastMolluscsCAY","ocenebra.circumtexta","0.00227379709148586"
"PacificCoastMolluscsCAY","ocenebra.poulsoni","0"
"PacificCoastMolluscsCAY","ocenebra.spp","0"
"PacificCoastMolluscsCAY","onchidella.borealis","0"
"PacificCoastMolluscsCAY","opalia.spp_","0"
"PacificCoastMolluscsCAY","tegula.aureotincta","0"
"PacificCoastMolluscsCAY","tegula.brunnea","0"
"PacificCoastMolluscsCAY","tegula.eiseni","0"
"PacificCoastMolluscsCAY","tegula.funebralis","0.315231848096736"
"PacificCoastMolluscsCAY","tegula.gallina","0"
"PacificCoastMolluscsCAY","tonicella.spp","0"
"PacificCoastMolluscsGPT","acanthinucella.spp","0.0063940089376869"
"PacificCoastMolluscsGPT","alia.spp","0"
"PacificCoastMolluscsGPT","amphissa.versicolor","0.000265876045213964"
"PacificCoastMolluscsGPT","aplysia.californica","0"
"PacificCoastMolluscsGPT","bittium.eschrichtii","0"
"PacificCoastMolluscsGPT","calliostoma.spp","0"
"PacificCoastMolluscsGPT","ceratostoma.nuttalli","0"
"PacificCoastMolluscsGPT","chitons","6.28219625581103e-05"
"PacificCoastMolluscsGPT","conus.californicus","0"
"PacificCoastMolluscsGPT","crepidula.spp","0"
"PacificCoastMolluscsGPT","epitonium.tinctum","7.22266137044892e-05"
"PacificCoastMolluscsGPT","fissurella.volcano","0"
"PacificCoastMolluscsGPT","homalopoma.spp","0"
"PacificCoastMolluscsGPT","katharina.tunicata","0"
"PacificCoastMolluscsGPT","kelletia.kelletii","0"
"PacificCoastMolluscsGPT","lepidochitona.dentiens","8.00110766090995e-05"
"PacificCoastMolluscsGPT","lepidochitona.hartwegii","0.0198887303907551"
"PacificCoastMolluscsGPT","lepidochitona.spp","0"
"PacificCoastMolluscsGPT","lepidozona.spp","0"
"PacificCoastMolluscsGPT","limpets.over.15.mm.in.size","0.055788677050786"
"PacificCoastMolluscsGPT","littorina.spp","0.76326570131131"
"PacificCoastMolluscsGPT","macron.lividus","0"
"PacificCoastMolluscsGPT","mopalia.spp","0.000165560709379261"
"PacificCoastMolluscsGPT","norrisia.norrisi","0"
"PacificCoastMolluscsGPT","nucella.canaliculata","0.000433650952823332"
"PacificCoastMolluscsGPT","nucella.emarginata","0.0221295807725094"
"PacificCoastMolluscsGPT","nucella.lamellosa","0"
"PacificCoastMolluscsGPT","nucella.spp","0"
"PacificCoastMolluscsGPT","nuttallina.spp","0.00109914152512453"
"PacificCoastMolluscsGPT","ocenebra.circumtexta","0.001187122099465"
"PacificCoastMolluscsGPT","ocenebra.poulsoni","0"
"PacificCoastMolluscsGPT","ocenebra.spp","0"
"PacificCoastMolluscsGPT","onchidella.borealis","0"
"PacificCoastMolluscsGPT","opalia.spp_","0"
"PacificCoastMolluscsGPT","tegula.aureotincta","0"
"PacificCoastMolluscsGPT","tegula.brunnea","0"
"PacificCoastMolluscsGPT","tegula.eiseni","0"
"PacificCoastMolluscsGPT","tegula.funebralis","0.129166890552074"
"PacificCoastMolluscsGPT","tegula.gallina","0"
"PacificCoastMolluscsGPT","tonicella.spp","0"
"PacificCoastMolluscsHAZ","acanthinucella.spp","0.000745059469722199"
"PacificCoastMolluscsHAZ","alia.spp","0"
"PacificCoastMolluscsHAZ","amphissa.versicolor","0.000101184897402728"
"PacificCoastMolluscsHAZ","aplysia.californica","0"
"PacificCoastMolluscsHAZ","bittium.eschrichtii","0.000598234406539418"
"PacificCoastMolluscsHAZ","calliostoma.spp","0"
"PacificCoastMolluscsHAZ","ceratostoma.nuttalli","0"
"PacificCoastMolluscsHAZ","chitons","0.000133616154193042"
"PacificCoastMolluscsHAZ","conus.californicus","0"
"PacificCoastMolluscsHAZ","crepidula.spp","0"
"PacificCoastMolluscsHAZ","epitonium.tinctum","1.83562021017851e-05"
"PacificCoastMolluscsHAZ","fissurella.volcano","1.55265616877582e-05"
"PacificCoastMolluscsHAZ","homalopoma.spp","0"
"PacificCoastMolluscsHAZ","katharina.tunicata","0"
"PacificCoastMolluscsHAZ","kelletia.kelletii","0"
"PacificCoastMolluscsHAZ","lepidochitona.dentiens","6.07869429410786e-05"
"PacificCoastMolluscsHAZ","lepidochitona.hartwegii","0.00357005053266843"
"PacificCoastMolluscsHAZ","lepidochitona.spp","0"
"PacificCoastMolluscsHAZ","lepidozona.spp","0"
"PacificCoastMolluscsHAZ","limpets.over.15.mm.in.size","0.00486781175256803"
"PacificCoastMolluscsHAZ","littorina.spp","0.744748792579365"
"PacificCoastMolluscsHAZ","macron.lividus","0"
"PacificCoastMolluscsHAZ","mopalia.spp","1.43842332545801e-05"
"PacificCoastMolluscsHAZ","norrisia.norrisi","0"
"PacificCoastMolluscsHAZ","nucella.canaliculata","1.5682092618439e-05"
"PacificCoastMolluscsHAZ","nucella.emarginata","0.00801293334248568"
"PacificCoastMolluscsHAZ","nucella.lamellosa","0"
"PacificCoastMolluscsHAZ","nucella.spp","0"
"PacificCoastMolluscsHAZ","nuttallina.spp","0.00086904102091703"
"PacificCoastMolluscsHAZ","ocenebra.circumtexta","0"
"PacificCoastMolluscsHAZ","ocenebra.poulsoni","0"
"PacificCoastMolluscsHAZ","ocenebra.spp","0"
"PacificCoastMolluscsHAZ","onchidella.borealis","0"
"PacificCoastMolluscsHAZ","opalia.spp_","0"
"PacificCoastMolluscsHAZ","tegula.aureotincta","0"
"PacificCoastMolluscsHAZ","tegula.brunnea","0"
"PacificCoastMolluscsHAZ","tegula.eiseni","0"
"PacificCoastMolluscsHAZ","tegula.funebralis","0.236228539811535"
"PacificCoastMolluscsHAZ","tegula.gallina","0"
"PacificCoastMolluscsHAZ","tonicella.spp","0"
"PacificCoastMolluscsMCR","acanthinucella.spp","0.000153668666398024"
"PacificCoastMolluscsMCR","alia.spp","0"
"PacificCoastMolluscsMCR","amphissa.versicolor","2.93397098302698e-06"
"PacificCoastMolluscsMCR","aplysia.californica","0"
"PacificCoastMolluscsMCR","bittium.eschrichtii","0"
"PacificCoastMolluscsMCR","calliostoma.spp","0"
"PacificCoastMolluscsMCR","ceratostoma.nuttalli","0"
"PacificCoastMolluscsMCR","chitons","0.00660316526710665"
"PacificCoastMolluscsMCR","conus.californicus","0"
"PacificCoastMolluscsMCR","crepidula.spp","0"
"PacificCoastMolluscsMCR","epitonium.tinctum","1.4177210983817e-05"
"PacificCoastMolluscsMCR","fissurella.volcano","2.93397098302698e-06"
"PacificCoastMolluscsMCR","homalopoma.spp","0"
"PacificCoastMolluscsMCR","katharina.tunicata","0.0181147324633466"
"PacificCoastMolluscsMCR","kelletia.kelletii","0"
"PacificCoastMolluscsMCR","lepidochitona.dentiens","0.000202784864102358"
"PacificCoastMolluscsMCR","lepidochitona.hartwegii","0.015979556422239"
"PacificCoastMolluscsMCR","lepidochitona.spp","0"
"PacificCoastMolluscsMCR","lepidozona.spp","0"
"PacificCoastMolluscsMCR","limpets.over.15.mm.in.size","0.0340347430445733"
"PacificCoastMolluscsMCR","littorina.spp","0.691442002061737"
"PacificCoastMolluscsMCR","macron.lividus","0"
"PacificCoastMolluscsMCR","mopalia.spp","0.000427197116501691"
"PacificCoastMolluscsMCR","norrisia.norrisi","0"
"PacificCoastMolluscsMCR","nucella.canaliculata","3.47964062271649e-05"
"PacificCoastMolluscsMCR","nucella.emarginata","0.0240345929426132"
"PacificCoastMolluscsMCR","nucella.lamellosa","0"
"PacificCoastMolluscsMCR","nucella.spp","0.093757098552485"
"PacificCoastMolluscsMCR","nuttallina.spp","0.00622803001592876"
"PacificCoastMolluscsMCR","ocenebra.circumtexta","2.93397098302698e-06"
"PacificCoastMolluscsMCR","ocenebra.poulsoni","0"
"PacificCoastMolluscsMCR","ocenebra.spp","0"
"PacificCoastMolluscsMCR","onchidella.borealis","2.70922926026391e-06"
"PacificCoastMolluscsMCR","opalia.spp_","0"
"PacificCoastMolluscsMCR","tegula.aureotincta","0"
"PacificCoastMolluscsMCR","tegula.brunnea","0"
"PacificCoastMolluscsMCR","tegula.eiseni","0"
"PacificCoastMolluscsMCR","tegula.funebralis","0.120680741685468"
"PacificCoastMolluscsMCR","tegula.gallina","0"
"PacificCoastMolluscsMCR","tonicella.spp","0"
"PacificCoastMolluscsOCC","acanthinucella.spp","2.57786494022028e-05"
"PacificCoastMolluscsOCC","alia.spp","0"
"PacificCoastMolluscsOCC","amphissa.versicolor","0"
"PacificCoastMolluscsOCC","aplysia.californica","0"
"PacificCoastMolluscsOCC","bittium.eschrichtii","0"
"PacificCoastMolluscsOCC","calliostoma.spp","0"
"PacificCoastMolluscsOCC","ceratostoma.nuttalli","0"
"PacificCoastMolluscsOCC","chitons","0.000940299547128006"
"PacificCoastMolluscsOCC","conus.californicus","0"
"PacificCoastMolluscsOCC","crepidula.spp","0"
"PacificCoastMolluscsOCC","epitonium.tinctum","0"
"PacificCoastMolluscsOCC","fissurella.volcano","0"
"PacificCoastMolluscsOCC","homalopoma.spp","0"
"PacificCoastMolluscsOCC","katharina.tunicata","0"
"PacificCoastMolluscsOCC","kelletia.kelletii","0"
"PacificCoastMolluscsOCC","lepidochitona.dentiens","8.74513065088461e-06"
"PacificCoastMolluscsOCC","lepidochitona.hartwegii","0.103614872887981"
"PacificCoastMolluscsOCC","lepidochitona.spp","0"
"PacificCoastMolluscsOCC","lepidozona.spp","0"
"PacificCoastMolluscsOCC","limpets.over.15.mm.in.size","0.0652027466941008"
"PacificCoastMolluscsOCC","littorina.spp","0.789363537850014"
"PacificCoastMolluscsOCC","macron.lividus","0"
"PacificCoastMolluscsOCC","mopalia.spp","0.000252577961878427"
"PacificCoastMolluscsOCC","norrisia.norrisi","0"
"PacificCoastMolluscsOCC","nucella.canaliculata","0.000150083567161348"
"PacificCoastMolluscsOCC","nucella.emarginata","0.0175960279830425"
"PacificCoastMolluscsOCC","nucella.lamellosa","0"
"PacificCoastMolluscsOCC","nucella.spp","0"
"PacificCoastMolluscsOCC","nuttallina.spp","0.0051343444788167"
"PacificCoastMolluscsOCC","ocenebra.circumtexta","0"
"PacificCoastMolluscsOCC","ocenebra.poulsoni","0"
"PacificCoastMolluscsOCC","ocenebra.spp","0"
"PacificCoastMolluscsOCC","onchidella.borealis","0"
"PacificCoastMolluscsOCC","opalia.spp_","0"
"PacificCoastMolluscsOCC","tegula.aureotincta","0"
"PacificCoastMolluscsOCC","tegula.brunnea","0"
"PacificCoastMolluscsOCC","tegula.eiseni","0"
"PacificCoastMolluscsOCC","tegula.funebralis","0.0177162480099359"
"PacificCoastMolluscsOCC","tegula.gallina","0"
"PacificCoastMolluscsOCC","tonicella.spp","0"
"PacificCoastMolluscsPSN","acanthinucella.spp","0.00150220984778231"
"PacificCoastMolluscsPSN","alia.spp","0"
"PacificCoastMolluscsPSN","amphissa.versicolor","1.52064272482219e-05"
"PacificCoastMolluscsPSN","aplysia.californica","0"
"PacificCoastMolluscsPSN","bittium.eschrichtii","0"
"PacificCoastMolluscsPSN","calliostoma.spp","1.00054029175755e-05"
"PacificCoastMolluscsPSN","ceratostoma.nuttalli","0"
"PacificCoastMolluscsPSN","chitons","0.00334842307376475"
"PacificCoastMolluscsPSN","conus.californicus","0"
"PacificCoastMolluscsPSN","crepidula.spp","0"
"PacificCoastMolluscsPSN","epitonium.tinctum","0"
"PacificCoastMolluscsPSN","fissurella.volcano","0"
"PacificCoastMolluscsPSN","homalopoma.spp","0"
"PacificCoastMolluscsPSN","katharina.tunicata","0.000202752363411002"
"PacificCoastMolluscsPSN","kelletia.kelletii","0"
"PacificCoastMolluscsPSN","lepidochitona.dentiens","6.03694963454939e-05"
"PacificCoastMolluscsPSN","lepidochitona.hartwegii","0.00768031906161011"
"PacificCoastMolluscsPSN","lepidochitona.spp","1.00054029175755e-05"
"PacificCoastMolluscsPSN","lepidozona.spp","0"
"PacificCoastMolluscsPSN","limpets.over.15.mm.in.size","0.0128102642796716"
"PacificCoastMolluscsPSN","littorina.spp","0.720876768880467"
"PacificCoastMolluscsPSN","macron.lividus","0"
"PacificCoastMolluscsPSN","mopalia.spp","0.00019259259515009"
"PacificCoastMolluscsPSN","norrisia.norrisi","0"
"PacificCoastMolluscsPSN","nucella.canaliculata","0.000101759028129723"
"PacificCoastMolluscsPSN","nucella.emarginata","0.00790332513322963"
"PacificCoastMolluscsPSN","nucella.lamellosa","0"
"PacificCoastMolluscsPSN","nucella.spp","0"
"PacificCoastMolluscsPSN","nuttallina.spp","0.00373390638437249"
"PacificCoastMolluscsPSN","ocenebra.circumtexta","0.000614694583710653"
"PacificCoastMolluscsPSN","ocenebra.poulsoni","0"
"PacificCoastMolluscsPSN","ocenebra.spp","0"
"PacificCoastMolluscsPSN","onchidella.borealis","0"
"PacificCoastMolluscsPSN","opalia.spp_","0"
"PacificCoastMolluscsPSN","tegula.aureotincta","0"
"PacificCoastMolluscsPSN","tegula.brunnea","0"
"PacificCoastMolluscsPSN","tegula.eiseni","0"
"PacificCoastMolluscsPSN","tegula.funebralis","0.240937631766494"
"PacificCoastMolluscsPSN","tegula.gallina","0"
"PacificCoastMolluscsPSN","tonicella.spp","0"
"PacificCoastMolluscsSAD","acanthinucella.spp","2.31352756624246e-05"
"PacificCoastMolluscsSAD","alia.spp","0"
"PacificCoastMolluscsSAD","amphissa.versicolor","3.89448852696681e-06"
"PacificCoastMolluscsSAD","aplysia.californica","0"
"PacificCoastMolluscsSAD","bittium.eschrichtii","0"
"PacificCoastMolluscsSAD","calliostoma.spp","0"
"PacificCoastMolluscsSAD","ceratostoma.nuttalli","0"
"PacificCoastMolluscsSAD","chitons","0"
"PacificCoastMolluscsSAD","conus.californicus","0"
"PacificCoastMolluscsSAD","crepidula.spp","0"
"PacificCoastMolluscsSAD","epitonium.tinctum","0"
"PacificCoastMolluscsSAD","fissurella.volcano","0"
"PacificCoastMolluscsSAD","homalopoma.spp","0"
"PacificCoastMolluscsSAD","katharina.tunicata","0"
"PacificCoastMolluscsSAD","kelletia.kelletii","0"
"PacificCoastMolluscsSAD","lepidochitona.dentiens","5.07131432714651e-05"
"PacificCoastMolluscsSAD","lepidochitona.hartwegii","0.000633960195773246"
"PacificCoastMolluscsSAD","lepidochitona.spp","0"
"PacificCoastMolluscsSAD","lepidozona.spp","0"
"PacificCoastMolluscsSAD","limpets.over.15.mm.in.size","0.0133385572535216"
"PacificCoastMolluscsSAD","littorina.spp","0.617858994423339"
"PacificCoastMolluscsSAD","macron.lividus","0"
"PacificCoastMolluscsSAD","mopalia.spp","8.48287588522822e-05"
"PacificCoastMolluscsSAD","norrisia.norrisi","0"
"PacificCoastMolluscsSAD","nucella.canaliculata","0.0169745645174464"
"PacificCoastMolluscsSAD","nucella.emarginata","0.152270212814128"
"PacificCoastMolluscsSAD","nucella.lamellosa","0"
"PacificCoastMolluscsSAD","nucella.spp","0.175366568914956"
"PacificCoastMolluscsSAD","nuttallina.spp","0.00695729230294664"
"PacificCoastMolluscsSAD","ocenebra.circumtexta","0"
"PacificCoastMolluscsSAD","ocenebra.poulsoni","0"
"PacificCoastMolluscsSAD","ocenebra.spp","0"
"PacificCoastMolluscsSAD","onchidella.borealis","0"
"PacificCoastMolluscsSAD","opalia.spp_","0"
"PacificCoastMolluscsSAD","tegula.aureotincta","0"
"PacificCoastMolluscsSAD","tegula.brunnea","0"
"PacificCoastMolluscsSAD","tegula.eiseni","0"
"PacificCoastMolluscsSAD","tegula.funebralis","0.016437298999204"
"PacificCoastMolluscsSAD","tegula.gallina","0"
"PacificCoastMolluscsSAD","tonicella.spp","0"
"PacificCoastMolluscsSHB","acanthinucella.spp","0.0122726966625963"
"PacificCoastMolluscsSHB","alia.spp","0"
"PacificCoastMolluscsSHB","amphissa.versicolor","7.03685199389201e-06"
"PacificCoastMolluscsSHB","aplysia.californica","0"
"PacificCoastMolluscsSHB","bittium.eschrichtii","0"
"PacificCoastMolluscsSHB","calliostoma.spp","0"
"PacificCoastMolluscsSHB","ceratostoma.nuttalli","0"
"PacificCoastMolluscsSHB","chitons","0.000231449742167568"
"PacificCoastMolluscsSHB","conus.californicus","0"
"PacificCoastMolluscsSHB","crepidula.spp","0"
"PacificCoastMolluscsSHB","epitonium.tinctum","0"
"PacificCoastMolluscsSHB","fissurella.volcano","0"
"PacificCoastMolluscsSHB","homalopoma.spp","0"
"PacificCoastMolluscsSHB","katharina.tunicata","0"
"PacificCoastMolluscsSHB","kelletia.kelletii","0"
"PacificCoastMolluscsSHB","lepidochitona.dentiens","0.000223208685649415"
"PacificCoastMolluscsSHB","lepidochitona.hartwegii","0.0131138922604654"
"PacificCoastMolluscsSHB","lepidochitona.spp","0"
"PacificCoastMolluscsSHB","lepidozona.spp","0"
"PacificCoastMolluscsSHB","limpets.over.15.mm.in.size","0.0023791695304515"
"PacificCoastMolluscsSHB","littorina.spp","0.635824921909652"
"PacificCoastMolluscsSHB","macron.lividus","0"
"PacificCoastMolluscsSHB","mopalia.spp","0.000104658727584624"
"PacificCoastMolluscsSHB","norrisia.norrisi","0"
"PacificCoastMolluscsSHB","nucella.canaliculata","0"
"PacificCoastMolluscsSHB","nucella.emarginata","1.78729027911587e-05"
"PacificCoastMolluscsSHB","nucella.lamellosa","0"
"PacificCoastMolluscsSHB","nucella.spp","0"
"PacificCoastMolluscsSHB","nuttallina.spp","0.00137408590056256"
"PacificCoastMolluscsSHB","ocenebra.circumtexta","0.00340726045511011"
"PacificCoastMolluscsSHB","ocenebra.poulsoni","0"
"PacificCoastMolluscsSHB","ocenebra.spp","0"
"PacificCoastMolluscsSHB","onchidella.borealis","0"
"PacificCoastMolluscsSHB","opalia.spp_","0"
"PacificCoastMolluscsSHB","tegula.aureotincta","0"
"PacificCoastMolluscsSHB","tegula.brunnea","0"
"PacificCoastMolluscsSHB","tegula.eiseni","0"
"PacificCoastMolluscsSHB","tegula.funebralis","0.331043746370975"
"PacificCoastMolluscsSHB","tegula.gallina","0"
"PacificCoastMolluscsSHB","tonicella.spp","0"
"UKButterfliesAgricultural","Aglais.urticae","0.0577020218701432"
"UKButterfliesAgricultural","Anthocaris.cardamines","0.0145684831167727"
"UKButterfliesAgricultural","Aphantopus.hyperantus","0.00833282482739615"
"UKButterfliesAgricultural","Celastrina.argiolus","0.00423266866945035"
"UKButterfliesAgricultural","Coenonympha.pamphilus","0.0281625879890007"
"UKButterfliesAgricultural","Gonepteryx.rhamni","0.0162607491576889"
"UKButterfliesAgricultural","Inachis.io","0.0380785978936646"
"UKButterfliesAgricultural","Lasiommata.megera","0.0105918568890298"
"UKButterfliesAgricultural","Lycaena.phlaeas","0.00208133559407209"
"UKButterfliesAgricultural","Maniola.jurtina","0.212511039758941"
"UKButterfliesAgricultural","Melanargia.galathea","0.000779361470386139"
"UKButterfliesAgricultural","Ochlodes.venata","0.00266256873800008"
"UKButterfliesAgricultural","Pararge.aegeria","0.0587887944208884"
"UKButterfliesAgricultural","Pieris.brassicae","0.0351520470894795"
"UKButterfliesAgricultural","Pieris.napi","0.153913166837136"
"UKButterfliesAgricultural","Pieris.rapae","0.0861113235056531"
"UKButterfliesAgricultural","Polygonia.c.album","0.00129194099941476"
"UKButterfliesAgricultural","Polyommatus.icarus","0.0172861003919469"
"UKButterfliesAgricultural","Pyronia.tithonus","0.194349653625321"
"UKButterfliesAgricultural","Quercusia.quercus","0.0187520429179231"
"UKButterfliesAgricultural","Thymelicus.sylvestris","0.0255073895332272"
"UKButterfliesAgricultural","Vanessa.atalanta","0.0121283231942112"
"UKButterfliesAgricultural","Vanessa.cardui","0.000755121510252676"
"UKButterfliesCoastal","Aglais.urticae","0.0247836652644114"
"UKButterfliesCoastal","Anthocaris.cardamines","0.00437166213832391"
"UKButterfliesCoastal","Aphantopus.hyperantus","0.0126104585617051"
"UKButterfliesCoastal","Argynnis.paphia","0.00057141754356102"
"UKButterfliesCoastal","Aricia.agestis","0.00176089654828932"
"UKButterfliesCoastal","Callophrys.rubi","0.000556172338489776"
"UKButterfliesCoastal","Celastrina.argiolus","0.00123044908838892"
"UKButterfliesCoastal","Coenonympha.pamphilus","0.0879810840153215"
"UKButterfliesCoastal","Erynnis.tages","0.000572905386029262"
"UKButterfliesCoastal","Gonepteryx.rhamni","0.00307741088502537"
"UKButterfliesCoastal","Hipparchia.semele","0.0611809519884402"
"UKButterfliesCoastal","Inachis.io","0.0125263866978394"
"UKButterfliesCoastal","Lasiommata.megera","0.0139412880699979"
"UKButterfliesCoastal","Lycaena.phlaeas","0.00636379914845188"
"UKButterfliesCoastal","Maniola.jurtina","0.283923899620443"
"UKButterfliesCoastal","Melanargia.galathea","0.000389068169292009"
"UKButterfliesCoastal","Mesoacidalia.aglaja","0.0232472530657655"
"UKButterfliesCoastal","Ochlodes.venata","0.00317619234835831"
"UKButterfliesCoastal","Pararge.aegeria","0.00685007759962039"
"UKButterfliesCoastal","Pieris.brassicae","0.0252606473106476"
"UKButterfliesCoastal","Pieris.napi","0.0674488375052273"
"UKButterfliesCoastal","Pieris.rapae","0.038979276472797"
"UKButterfliesCoastal","Polygonia.c.album","0.000295705938374802"
"UKButterfliesCoastal","Polyommatus.icarus","0.0905609370458152"
"UKButterfliesCoastal","Pyronia.tithonus","0.168865844139378"
"UKButterfliesCoastal","Thymelicus.sylvestris","0.0454879805272087"
"UKButterfliesCoastal","Vanessa.atalanta","0.00868432966416605"
"UKButterfliesCoastal","Vanessa.cardui","0.00530140291863084"
"UKButterfliesForest","Aglais.urticae","0.0250689802965869"
"UKButterfliesForest","Anthocaris.cardamines","0.0159975492243418"
"UKButterfliesForest","Aphantopus.hyperantus","0.0879968229217446"
"UKButterfliesForest","Argynnis.paphia","0.00184192158495065"
"UKButterfliesForest","Aricia.agestis","0.000551202851990906"
"UKButterfliesForest","Boloria.euphrosyne","3.33582579097154e-05"
"UKButterfliesForest","Boloria.selene","9.56410415692001e-05"
"UKButterfliesForest","Callophrys.rubi","0.000449628575393916"
"UKButterfliesForest","Celastrina.argiolus","0.000635274066661938"
"UKButterfliesForest","Coenonympha.pamphilus","0.0242204159377595"
"UKButterfliesForest","Erynnis.tages","0.00096825182913388"
"UKButterfliesForest","Gonepteryx.rhamni","0.0426235814636918"
"UKButterfliesForest","Inachis.io","0.100402339395063"
"UKButterfliesForest","Ladoga.camilla","0.000493877185499387"
"UKButterfliesForest","Lasiommata.megera","0.0133791833443176"
"UKButterfliesForest","Lycaena.phlaeas","0.0139789517190428"
"UKButterfliesForest","Maniola.jurtina","0.23555697105978"
"UKButterfliesForest","Melanargia.galathea","0.00661014050773723"
"UKButterfliesForest","Mesoacidalia.aglaja","0.00115229897058076"
"UKButterfliesForest","Ochlodes.venata","0.0253596194396093"
"UKButterfliesForest","Pararge.aegeria","0.0321292848327254"
"UKButterfliesForest","Pieris.brassicae","0.034316262300707"
"UKButterfliesForest","Pieris.napi","0.101368330390088"
"UKButterfliesForest","Pieris.rapae","0.0398882338481113"
"UKButterfliesForest","Polygonia.c.album","0.00920862726024404"
"UKButterfliesForest","Polyommatus.icarus","0.0143497107226278"
"UKButterfliesForest","Pyrgus.malvae","0.00158388971940592"
"UKButterfliesForest","Pyronia.tithonus","0.133294804629638"
"UKButterfliesForest","Quercusia.quercus","0.000131069739794006"
"UKButterfliesForest","Satyrium.pruni","0.000107413745183546"
"UKButterfliesForest","Thymelicus.sylvestris","0.0270294001468941"
"UKButterfliesForest","Vanessa.atalanta","0.00752009980877388"
"UKButterfliesForest","Vanessa.cardui","0.00165686318244215"
"UKButterfliesGrassland","Aglais.urticae","0.020314081414813"
"UKButterfliesGrassland","Anthocaris.cardamines","0.00349258275957674"
"UKButterfliesGrassland","Aphantopus.hyperantus","0.0352213585890553"
"UKButterfliesGrassland","Aricia.agestis","0.0135297485961905"
"UKButterfliesGrassland","Callophrys.rubi","0.00243358049380318"
"UKButterfliesGrassland","Celastrina.argiolus","0.000899267021890613"
"UKButterfliesGrassland","Coenonympha.pamphilus","0.0923815521244234"
"UKButterfliesGrassland","Colias.crocea","1.66106058718492e-05"
"UKButterfliesGrassland","Cupido.minimus","0.000912965364127723"
"UKButterfliesGrassland","Erynnis.tages","0.00816046143794753"
"UKButterfliesGrassland","Gonepteryx.rhamni","0.0213329085961013"
"UKButterfliesGrassland","Hamearis.lucina","0.000127937629656534"
"UKButterfliesGrassland","Hesperia.comma","0.00189059425155253"
"UKButterfliesGrassland","Hipparchia.semele","0.00202510168983023"
"UKButterfliesGrassland","Inachis.io","0.0123571632502793"
"UKButterfliesGrassland","Lasiommata.megera","0.0142925290977363"
"UKButterfliesGrassland","Lycaena.phlaeas","0.00822128108769157"
"UKButterfliesGrassland","Lysandra.bellargus","0.0169356797762673"
"UKButterfliesGrassland","Lysandra.coridon","0.0662345021053378"
"UKButterfliesGrassland","Maniola.jurtina","0.322343806634694"
"UKButterfliesGrassland","Melanargia.galathea","0.083479770857556"
"UKButterfliesGrassland","Mesoacidalia.aglaja","0.00437152530186272"
"UKButterfliesGrassland","Ochlodes.venata","0.0131238007568502"
"UKButterfliesGrassland","Pararge.aegeria","0.0195866319630552"
"UKButterfliesGrassland","Pieris.brassicae","0.0170434077874358"
"UKButterfliesGrassland","Pieris.napi","0.0121581335506843"
"UKButterfliesGrassland","Pieris.rapae","0.0225978505907968"
"UKButterfliesGrassland","Polygonia.c.album","0.000936317872282405"
"UKButterfliesGrassland","Polyommatus.icarus","0.061718512856374"
"UKButterfliesGrassland","Pyrgus.malvae","0.0022260072920055"
"UKButterfliesGrassland","Pyronia.tithonus","0.0487772191370088"
"UKButterfliesGrassland","Quercusia.quercus","4.15265146796229e-05"
"UKButterfliesGrassland","Thymelicus.actaeon","0.00201173906092156"
"UKButterfliesGrassland","Thymelicus.sylvestris","0.0669975390662005"
"UKButterfliesGrassland","Vanessa.atalanta","0.00116437693859833"
"UKButterfliesGrassland","Vanessa.cardui","0.000641927926841513"
"UKButterfliesMixed","Aglais.urticae","0.0088876894767686"
"UKButterfliesMixed","Anthocaris.cardamines","0.0168234544991967"
"UKButterfliesMixed","Aphantopus.hyperantus","0.0619523806877898"
"UKButterfliesMixed","Argynnis.paphia","0.00969226463559684"
"UKButterfliesMixed","Aricia.agestis","0.000649767449583441"
"UKButterfliesMixed","Boloria.euphrosyne","0.000945233894598994"
"UKButterfliesMixed","Boloria.selene","6.71366964434558e-05"
"UKButterfliesMixed","Callophrys.rubi","0.00777926605509507"
"UKButterfliesMixed","Celastrina.argiolus","0.00556356470295445"
"UKButterfliesMixed","Coenonympha.pamphilus","0.0439530831188636"
"UKButterfliesMixed","Gonepteryx.rhamni","0.0255946524862744"
"UKButterfliesMixed","Hipparchia.semele","0.0312853196165335"
"UKButterfliesMixed","Inachis.io","0.0413182974814935"
"UKButterfliesMixed","Ladoga.camilla","0.0120613786729873"
"UKButterfliesMixed","Lasiommata.megera","0.00584643528661841"
"UKButterfliesMixed","Leptidea.sinapsis","0.0029672090483555"
"UKButterfliesMixed","Lycaena.phlaeas","0.00491273328608129"
"UKButterfliesMixed","Maniola.jurtina","0.23041749639785"
"UKButterfliesMixed","Melanargia.galathea","0.00238327239960407"
"UKButterfliesMixed","Mesoacidalia.aglaja","6.65473755916336e-05"
"UKButterfliesMixed","Ochlodes.venata","0.0256012425576945"
"UKButterfliesMixed","Pararge.aegeria","0.127050770547713"
"UKButterfliesMixed","Pieris.brassicae","0.0341420286252507"
"UKButterfliesMixed","Pieris.napi","0.027235515200634"
"UKButterfliesMixed","Pieris.rapae","0.0181680577216155"
"UKButterfliesMixed","Polygonia.c.album","0.00256768511275472"
"UKButterfliesMixed","Polyommatus.icarus","0.0168829426623013"
"UKButterfliesMixed","Pyronia.tithonus","0.163402449862202"
"UKButterfliesMixed","Quercusia.quercus","0.00185327899754931"
"UKButterfliesMixed","Thymelicus.sylvestris","0.0571773568290816"
"UKButterfliesMixed","Vanessa.atalanta","0.011522535643878"
"UKButterfliesMixed","Vanessa.cardui","0.00122895297104443"
"ukbutterfliesWetland","Aglais.urticae","0.150985341330892"
"ukbutterfliesWetland","Anthocaris.cardamines","0.0302652034742985"
"ukbutterfliesWetland","Aphantopus.hyperantus","0.0153643791050488"
"ukbutterfliesWetland","Boloria.selene","0.048217300060868"
"ukbutterfliesWetland","Celastrina.argiolus","0.0154089874950645"
"ukbutterfliesWetland","Coenonympha.pamphilus","0.0654797899108359"
"ukbutterfliesWetland","Gonepteryx.rhamni","0.100030425886132"
"ukbutterfliesWetland","Hipparchia.semele","0.0170217430363256"
"ukbutterfliesWetland","Inachis.io","0.0771392262184484"
"ukbutterfliesWetland","Lasiommata.megera","0.0725336084889823"
"ukbutterfliesWetland","Lycaena.phlaeas","0.0389493460460607"
"ukbutterfliesWetland","Maniola.jurtina","0.142430727364264"
"ukbutterfliesWetland","Ochlodes.venata","0.0176329298106687"
"ukbutterfliesWetland","Papilio.machaon","0.0395743797212585"
"ukbutterfliesWetland","Pararge.aegeria","0.0218112312240358"
"ukbutterfliesWetland","Pieris.brassicae","0.0883249431866803"
"ukbutterfliesWetland","Pieris.napi","0.134841566156963"
"ukbutterfliesWetland","Pieris.rapae","0.0666358157279437"
"ukbutterfliesWetland","Polygonia.c.album","0.0160202931281779"
"ukbutterfliesWetland","Polyommatus.icarus","0.0275679511735123"
"ukbutterfliesWetland","Pyronia.tithonus","0.0800879005051611"
"ukbutterfliesWetland","Satyrium.w.album","0.0160190199912031"
"ukbutterfliesWetland","Thymelicus.sylvestris","0.0331773024830486"
"ukbutterfliesWetland","Vanessa.atalanta","0.0287653461030828"
"ukbutterfliesWetland","Vanessa.cardui","0.0193516060074063"
