DesertLabOpen,amin,0.034546712
DesertLabOpen,asnu,0.034502952
DesertLabOpen,boin,0.034893695
DesertLabOpen,brru,0.045953947
DesertLabOpen,cach,0.035108295
DesertLabOpen,chbr,0.03469963
DesertLabOpen,chri,0.034489344
DesertLabOpen,chst,0.035431002
DesertLabOpen,cran,0.035232293
DesertLabOpen,crba,0.034627651
DesertLabOpen,crco,0.034509975
DesertLabOpen,crpt,0.035897857
DesertLabOpen,dapu,0.050595202
DesertLabOpen,depi,0.034522647
DesertLabOpen,drcu,0.038405295
DesertLabOpen,erab,0.034587087
DesertLabOpen,erci,0.084545952
DesertLabOpen,erde,0.034688013
DesertLabOpen,erdi,0.044978932
DesertLabOpen,erla,0.080311446
DesertLabOpen,erte,0.048491159
DesertLabOpen,ertr,0.034715615
DesertLabOpen,eumi,0.035178624
DesertLabOpen,evmu,0.078242573
DesertLabOpen,fica,0.035805273
DesertLabOpen,fide,0.035500505
DesertLabOpen,gist,0.034504963
DesertLabOpen,gula,0.034504963
DesertLabOpen,hapa,0.035324007
DesertLabOpen,hehi,0.034640818
DesertLabOpen,lare,0.037057166
DesertLabOpen,lego,0.053991377
DesertLabOpen,lela,0.038845204
DesertLabOpen,libi,0.034491831
DesertLabOpen,lohu,0.034959498
DesertLabOpen,losq,0.034496367
DesertLabOpen,loto,0.03457842
DesertLabOpen,mapa,0.034517384
DesertLabOpen,meal,0.034487295
DesertLabOpen,mobe,0.063019982
DesertLabOpen,negl,0.034674474
DesertLabOpen,pehe,0.098325997
DesertLabOpen,pepl,0.034520066
DesertLabOpen,pere,0.299193574
DesertLabOpen,phcr,0.044738889
DesertLabOpen,phdi,0.034511721
DesertLabOpen,plar,0.034590003
DesertLabOpen,plin,0.108880551
DesertLabOpen,plpa,0.149333801
DesertLabOpen,scba,0.16208194
DesertLabOpen,sian,0.034519298
DesertLabOpen,siir,0.035143335
DesertLabOpen,spec,0.035858243
DesertLabOpen,stmi,0.065445473
DesertLabOpen,vuoc,0.05037065
DesertLabShrub,amin,0.143131847
DesertLabShrub,asnu,0.143095586
DesertLabShrub,boin,0.208386318
DesertLabShrub,brru,0.204054034
DesertLabShrub,cach,0.143592702
DesertLabShrub,chbr,0.143363321
DesertLabShrub,chri,0.142946313
DesertLabShrub,chst,0.143013384
DesertLabShrub,cran,0.145874238
DesertLabShrub,crba,0.143290779
DesertLabShrub,crco,0.14286678
DesertLabShrub,crne,0.142950275
DesertLabShrub,crpt,0.147738469
DesertLabShrub,dapu,0.161864337
DesertLabShrub,depi,0.142957229
DesertLabShrub,drcu,0.178020043
DesertLabShrub,erci,0.160826076
DesertLabShrub,erde,0.142870257
DesertLabShrub,erdi,0.146441731
DesertLabShrub,erla,0.152366754
DesertLabShrub,erte,0.144604928
DesertLabShrub,ertr,0.14286678
DesertLabShrub,eumi,0.174448025
DesertLabShrub,evmu,0.162497301
DesertLabShrub,fica,0.144656503
DesertLabShrub,fide,0.144572578
DesertLabShrub,gula,0.142879895
DesertLabShrub,hapa,0.150002088
DesertLabShrub,hehi,0.142895693
DesertLabShrub,lare,0.151786557
DesertLabShrub,lego,0.16287924
DesertLabShrub,lela,0.14772663
DesertLabShrub,libi,0.142886055
DesertLabShrub,lohu,0.143213875
DesertLabShrub,loto,0.14305966
DesertLabShrub,mapa,0.142896284
DesertLabShrub,meal,0.143073307
DesertLabShrub,mobe,0.144203514
DesertLabShrub,oepr,0.142889253
DesertLabShrub,pehe,0.204594148
DesertLabShrub,pepl,0.143294218
DesertLabShrub,pere,0.415251263
DesertLabShrub,phcr,0.145004837
DesertLabShrub,phdi,0.142912005
DesertLabShrub,plar,0.142896487
DesertLabShrub,plin,0.149412394
DesertLabShrub,plpa,0.157584647
DesertLabShrub,pobi,0.143186315
DesertLabShrub,scba,0.27782535
DesertLabShrub,sian,0.14296311
DesertLabShrub,siir,0.150728684
DesertLabShrub,spec,0.144188624
DesertLabShrub,stmi,0.158855189
DesertLabShrub,vuoc,0.159042658
JornadaCS,ALIN,6.44E-05
JornadaCS,ALLI1,5.40E-07
JornadaCS,ALMA,2.47E-06
JornadaCS,AMCH,1.54E-05
JornadaCS,APRA,9.06E-05
JornadaCS,ARGL,0.00059514
JornadaCS,ARIS1,0.010222758
JornadaCS,ARLO,0.003350499
JornadaCS,ARNE,0.001875445
JornadaCS,ARPU,0.000367552
JornadaCS,ARPU1,2.03E-05
JornadaCS,ARWR,0.033141965
JornadaCS,ASAL,0.000802027
JornadaCS,ASCL1,4.74E-06
JornadaCS,ASNU,3.63E-05
JornadaCS,ASTE,3.18E-05
JornadaCS,ASTE1,1.67E-05
JornadaCS,ASTR1,1.70E-06
JornadaCS,ASWO,0.00041058
JornadaCS,BAAB,0.021514976
JornadaCS,BAMU,0.006397616
JornadaCS,BAPE,6.94E-06
JornadaCS,BOER,0.000129477
JornadaCS,BOUT1,8.82E-06
JornadaCS,CABA,0.000279001
JornadaCS,CACH,4.18E-05
JornadaCS,CAWR,9.64E-05
JornadaCS,CHCO,0.000117248
JornadaCS,CHIN,1.16E-06
JornadaCS,CHST,0.000131501
JornadaCS,COCO,8.93E-07
JornadaCS,CRAN,0.000684088
JornadaCS,CRCR,0.004159199
JornadaCS,CRMI,0.003269611
JornadaCS,CRPO,0.001075754
JornadaCS,CRPT,0.001681775
JornadaCS,CRYP1,0.000540735
JornadaCS,CSDL1,2.55E-05
JornadaCS,CYGY,8.15E-05
JornadaCS,DAPU,0.099456497
JornadaCS,DEPI,0.058806533
JornadaCS,DIWI,0.002417582
JornadaCS,DYPE,0.000118496
JornadaCS,ENDE,0.000116656
JornadaCS,ERAB,0.001161232
JornadaCS,ERAN,2.28E-06
JornadaCS,ERBE,6.02E-05
JornadaCS,ERCA,6.51E-06
JornadaCS,ERDI,0.012000987
JornadaCS,ERDV,0.000138791
JornadaCS,ERIG1,1.43E-05
JornadaCS,ERIO1,1.48E-07
JornadaCS,ERPU,0.071244428
JornadaCS,ERRO,0.012954956
JornadaCS,ERTR,0.032087667
JornadaCS,EUAL,0.007987351
JornadaCS,EUMI,0.004128626
JornadaCS,EUPH1,0
JornadaCS,EUSE,0.000298443
JornadaCS,EUSR,6.77E-08
JornadaCS,HAGR,6.87E-05
JornadaCS,IPLO,9.46E-05
JornadaCS,IVAM,0.001710519
JornadaCS,LARE,1.64E-05
JornadaCS,LEER,0.000138802
JornadaCS,LELA,0.002757815
JornadaCS,LEPI1,3.59E-07
JornadaCS,LEVI,1.76E-05
JornadaCS,LIBI,1.32E-06
JornadaCS,LIVE,8.19E-08
JornadaCS,LONE,0.000105088
JornadaCS,MAFE,3.92E-05
JornadaCS,MAPI,2.86E-06
JornadaCS,MELE,0.002134576
JornadaCS,MILI,0.000248405
JornadaCS,MUPO,0.527017268
JornadaCS,NAHI,0.002017041
JornadaCS,OEPR,1.24E-07
JornadaCS,PEAN,2.18E-05
JornadaCS,PECT1,7.20E-06
JornadaCS,PENA,0.023541878
JornadaCS,PHAC1,0.00905488
JornadaCS,PHCO,0.001412178
JornadaCS,PHIN,0.010179024
JornadaCS,PLPA,4.11E-06
JornadaCS,POAC1,5.02E-05
JornadaCS,RANE,0.002447435
JornadaCS,SACY,2.73E-05
JornadaCS,SAKA,9.13E-06
JornadaCS,SCAR,0.000129508
JornadaCS,SCBR,0.017507997
JornadaCS,SELE,0.000635507
JornadaCS,SELO,9.95E-05
JornadaCS,SOEL,0.000152707
JornadaCS,SPOR1,0.000354187
JornadaCS,SPSU,9.70E-08
JornadaCS,SPVEG,0.000123275
JornadaCS,STAR,0.002756534
JornadaCS,STEX,1.26E-06
JornadaCS,STPA,1.86E-05
JornadaCS,TAAN,2.54E-07
JornadaCS,TALI1,1.83E-05
JornadaCS,TECO,3.58E-06
JornadaCS,TILA,3.19E-05
JornadaCS,UKFO1,1.96E-05
JornadaCS,UKFO4,2.24E-05
JornadaCS,UKFO5,3.82E-07
JornadaCS,UKGS1,0.000134247
JornadaCS,VEEN,0.000131449
JornadaCS,VEWR,0.00042358
JornadaCS,VUOC,1.26E-05
JornadaCW,ARIS1,0.008214014
JornadaCW,ARNE,0.00455056
JornadaCW,ARWR,0.048741549
JornadaCW,ASAL,0.001375316
JornadaCW,ASNU,0.000780775
JornadaCW,ASTE,9.13E-05
JornadaCW,ASTE1,2.71E-06
JornadaCW,ASTR1,8.21E-06
JornadaCW,ASWO,1.38E-06
JornadaCW,BAAB,0.013085826
JornadaCW,BAMU,0.001641773
JornadaCW,BAPE,2.14E-06
JornadaCW,CABA,9.63E-05
JornadaCW,CACH,0.005666224
JornadaCW,CAWR,0.000261957
JornadaCW,CHCO,4.09E-08
JornadaCW,CHST,0.000472967
JornadaCW,CRAN,0.000380307
JornadaCW,CRCR,0.026115819
JornadaCW,CRMI,0.001107753
JornadaCW,CRPT,0.000883318
JornadaCW,CRYP1,0.008367089
JornadaCW,CSDL1,0.007560885
JornadaCW,DAPU,0.02395363
JornadaCW,DEPI,0.048056152
JornadaCW,DIWI,0.000940956
JornadaCW,DRCU,1.81E-07
JornadaCW,DYPE,5.99E-05
JornadaCW,ERAB,0.003770072
JornadaCW,ERBE,1.01E-06
JornadaCW,ERDI,0.001061013
JornadaCW,ERIO1,9.43E-05
JornadaCW,ERPU,0.033433785
JornadaCW,ERRO,0.005192511
JornadaCW,ERTR,0.000426673
JornadaCW,ESME,7.10E-07
JornadaCW,EUAL,3.82E-05
JornadaCW,EUMC,2.50E-05
JornadaCW,GILI1,1.02E-05
JornadaCW,GSDL1,1.73E-07
JornadaCW,HAGR,3.49E-05
JornadaCW,HOMU,9.90E-05
JornadaCW,IPLO,4.02E-05
JornadaCW,IVAM,0.000399427
JornadaCW,LEER,0.001520573
JornadaCW,LEFE,2.87E-06
JornadaCW,LEGO,4.09E-07
JornadaCW,LELA,0.001052894
JornadaCW,LEPI1,1.47E-05
JornadaCW,LEVI,3.80E-05
JornadaCW,LIBI,3.81E-06
JornadaCW,LONE,0.000126133
JornadaCW,MAFE,0.001122878
JornadaCW,MELE,0.002563143
JornadaCW,MENT1,2.46E-07
JornadaCW,MILI,0.002690479
JornadaCW,MUPO,0.670806799
JornadaCW,NAHI,0.001059727
JornadaCW,OEAL,8.44E-05
JornadaCW,OENO1,1.60E-06
JornadaCW,OEPR,0.00017244
JornadaCW,PENA,0.018865986
JornadaCW,PHAC1,0.015877151
JornadaCW,PHCO,0.003380271
JornadaCW,PLPA,0.002075527
JornadaCW,RANE,0.00057291
JornadaCW,SAKA,1.94E-05
JornadaCW,SCAR,0.000367149
JornadaCW,SCBR,0.022947685
JornadaCW,SELE,0.002200209
JornadaCW,SELO,0.000121816
JornadaCW,SILE,1.84E-07
JornadaCW,SPOR1,1.79E-05
JornadaCW,SPVEG,0.000622972
JornadaCW,STAR,0.003545466
JornadaCW,STEX,0.000437344
JornadaCW,UKFO1,7.16E-05
JornadaCW,UKFO3,2.38E-05
JornadaCW,UKFO5,4.93E-05
JornadaCW,UKGR1,3.38E-05
JornadaCW,UKGS1,1.36E-05
JornadaCW,VEWR,0.000448103
JornadaCW,XAMI,5.31E-07
JornadaGS,ALIN,0.000242464
JornadaGS,ALLI1,9.50E-05
JornadaGS,AMAR1,2.44E-05
JornadaGS,AMCH,0.00058891
JornadaGS,AMFI,3.26E-06
JornadaGS,APRA,0.016373755
JornadaGS,ARAD,2.37E-05
JornadaGS,ARGL,0.000677275
JornadaGS,ARHA,0.0001181
JornadaGS,ARIS1,0.002032038
JornadaGS,ARLO,0.00456331
JornadaGS,ARNE,0.000650268
JornadaGS,ARPA,8.78E-05
JornadaGS,ARPE,0.000145379
JornadaGS,ARPU,0.000957812
JornadaGS,ARPU1,0.000145959
JornadaGS,ARTE,0.000469394
JornadaGS,ARTE1,2.79E-05
JornadaGS,ARWR,0.00635068
JornadaGS,ASCR,1.73E-06
JornadaGS,ASNU,0.00184935
JornadaGS,ASSU,2.83E-06
JornadaGS,ASTE,0.007060671
JornadaGS,ASTE1,2.95E-05
JornadaGS,ASTE2,0.000122858
JornadaGS,ASTR1,4.62E-05
JornadaGS,BAAB,0.001407673
JornadaGS,BABI,0.003901327
JornadaGS,BAMU,0.000309654
JornadaGS,BAPE,2.58E-06
JornadaGS,BOAR,1.11E-06
JornadaGS,BOCU,0.000126368
JornadaGS,BOER,0.70065127
JornadaGS,BOER1,1.37E-06
JornadaGS,BOSP,1.24E-07
JornadaGS,BOTO,5.45E-06
JornadaGS,BRAS1,1.61E-07
JornadaGS,CABA,0.001238249
JornadaGS,CACH,7.20E-05
JornadaGS,CAJA,0.001077134
JornadaGS,CAWR,0.000153672
JornadaGS,CHCO,0.00020143
JornadaGS,CHIN,0.000247508
JornadaGS,CHST,0.011754068
JornadaGS,COCO,1.45E-06
JornadaGS,CRAN,0.004422819
JornadaGS,CRCR,0.034150182
JornadaGS,CRMI,0.00044041
JornadaGS,CRPO,0.009958769
JornadaGS,CRPT,0.001149982
JornadaGS,CRYP1,0.004351749
JornadaGS,DAPU,0.000287033
JornadaGS,DECO,0.000729659
JornadaGS,DEPI,0.014166694
JornadaGS,DEVI,2.26E-06
JornadaGS,DICA,2.25E-05
JornadaGS,DIWI,0.007568769
JornadaGS,ERAB,0.000371547
JornadaGS,ERAN,0.000215278
JornadaGS,ERBE,3.47E-05
JornadaGS,ERCA,3.43E-06
JornadaGS,ERDI,0.004925063
JornadaGS,ERDV,3.05E-06
JornadaGS,ERIG1,1.77E-06
JornadaGS,ERLE,0.001074636
JornadaGS,ERPU,0.000649971
JornadaGS,ERRO,1.24E-06
JornadaGS,ERTE,0.002888259
JornadaGS,ERTR,0.004107654
JornadaGS,ESME,0.012771604
JornadaGS,EUAL,2.73E-05
JornadaGS,EUDE,2.48E-05
JornadaGS,EUGL,4.28E-05
JornadaGS,EUMI,0.000325305
JornadaGS,EUPH1,1.84E-07
JornadaGS,EUSE,7.89E-05
JornadaGS,EUSR,1.46E-05
JornadaGS,EVNU,6.18E-06
JornadaGS,GAPI,1.01E-05
JornadaGS,GIFL,1.85E-06
JornadaGS,GILI1,0.000271332
JornadaGS,GSDL1,2.68E-05
JornadaGS,HAGR,0.000975908
JornadaGS,HEAN,3.68E-06
JornadaGS,HECI,3.12E-08
JornadaGS,HELI1,6.15E-07
JornadaGS,HEPE,4.68E-05
JornadaGS,HODR,3.98E-05
JornadaGS,HOGL,0.000507897
JornadaGS,HYFL,0.000246015
JornadaGS,HYOD,2.08E-05
JornadaGS,HYVE,0.000152065
JornadaGS,IVAM,0.001740609
JornadaGS,KALL1,0.000214495
JornadaGS,KRAM1,5.42E-07
JornadaGS,LARE,3.16E-05
JornadaGS,LEER,0.000513197
JornadaGS,LEFE,0.000526093
JornadaGS,LEGO,1.33E-05
JornadaGS,LELA,0.011398781
JornadaGS,LEPI1,3.11E-06
JornadaGS,LESQ1,0
JornadaGS,LEVI,0.012422839
JornadaGS,LIBI,0.000664182
JornadaGS,LIVE,0.000451506
JornadaGS,LONE,0.002724413
JornadaGS,LUCO,0.001093146
JornadaGS,MAFE,0.000243083
JornadaGS,MAPI,6.77E-06
JornadaGS,MATA,0.000254919
JornadaGS,MEAL,0.001029356
JornadaGS,MELE,7.15E-05
JornadaGS,MENT1,7.36E-06
JornadaGS,MEPU,0.00010931
JornadaGS,MILI,0.001553136
JornadaGS,MOCE,6.00E-08
JornadaGS,MUAR,0.000443282
JornadaGS,MUPO,0.033714791
JornadaGS,NAHI,0.005814829
JornadaGS,NYCT1,7.93E-08
JornadaGS,OEAL,4.31E-07
JornadaGS,OENO1,1.66E-07
JornadaGS,OEPR,2.28E-05
JornadaGS,PAHA,1.69E-05
JornadaGS,PENA,0.003731607
JornadaGS,PEPA,1.41E-06
JornadaGS,PHAC1,0.000589825
JornadaGS,PHCO,0.000181282
JornadaGS,PHIN,0.001559777
JornadaGS,PLPA,0.004664652
JornadaGS,PSTA,0.004331424
JornadaGS,RANE,0.001215444
JornadaGS,SACY,1.01E-05
JornadaGS,SAHA,2.11E-05
JornadaGS,SAKA,0.001592274
JornadaGS,SCAR,8.30E-05
JornadaGS,SCBR,0.005012528
JornadaGS,SELE,0.000232537
JornadaGS,SELO,0.000202373
JornadaGS,SOEL,0.000484026
JornadaGS,SPCC,4.05E-05
JornadaGS,SPHA1,2.98E-07
JornadaGS,SPIN,0.0001084
JornadaGS,SPOR1,0.005874031
JornadaGS,SPSU,0.00095886
JornadaGS,SPVEG,0.019922494
JornadaGS,STAR,6.37E-07
JornadaGS,STEP1,6.67E-07
JornadaGS,STEX,0.001368137
JornadaGS,STPA,0.000240323
JornadaGS,TAAN,4.17E-05
JornadaGS,TAAU,7.51E-05
JornadaGS,TALI1,0.00016005
JornadaGS,TECO,0.000289849
JornadaGS,TILA,0.000103225
JornadaGS,TOAN,0.000106477
JornadaGS,UKFO1,3.09E-05
JornadaGS,UKFO2,3.06E-05
JornadaGS,UKFO3,9.52E-07
JornadaGS,UKGR1,1.33E-07
JornadaGS,UKGS1,9.90E-06
JornadaGS,VEEN,2.72E-07
JornadaGS,VEWR,0.00010339
JornadaGS,VUOC,0.000309043
JornadaGS,XASA,1.14E-06
JornadaGS,XASP,0.000242645
JornadaGS,XATE,1.44E-05
JornadaGW,APRA,0.001901897
JornadaGW,ARGL,2.04E-06
JornadaGW,ARHA,4.74E-05
JornadaGW,ARIS1,0.000720299
JornadaGW,ARLO,4.71E-05
JornadaGW,ARNE,4.19E-05
JornadaGW,ARPA,5.12E-06
JornadaGW,ARPU,9.12E-06
JornadaGW,ARTE,0.000725283
JornadaGW,ARWR,0.00414363
JornadaGW,ASNU,0.000663844
JornadaGW,ASTE,0.005829518
JornadaGW,ASTE1,6.36E-06
JornadaGW,ASTR1,7.73E-05
JornadaGW,ASWO,0.000330453
JornadaGW,BAAB,5.13E-05
JornadaGW,BAMU,5.55E-05
JornadaGW,BOCU,0.000187455
JornadaGW,BOER,0.85857105
JornadaGW,CABA,1.02E-06
JornadaGW,CACH,0.000492792
JornadaGW,CAWR,0.000750596
JornadaGW,CHCO,2.33E-06
JornadaGW,CHIN,3.37E-06
JornadaGW,CHST,0.001804402
JornadaGW,COCO,1.61E-07
JornadaGW,CRAN,1.29E-06
JornadaGW,CRCR,0.015827864
JornadaGW,CRMI,6.78E-05
JornadaGW,CRPT,0.000420077
JornadaGW,CRYP1,0.00807415
JornadaGW,DAPU,9.34E-07
JornadaGW,DAWR,5.49E-06
JornadaGW,DEPI,0.006526503
JornadaGW,DIWI,0.007055628
JornadaGW,DRCU,2.11E-06
JornadaGW,ENDE,0.000175009
JornadaGW,ERAB,0.000153521
JornadaGW,ERAN,3.11E-05
JornadaGW,ERDI,0.000177586
JornadaGW,ERIA1,4.95E-08
JornadaGW,ERIO1,6.85E-05
JornadaGW,ERLE,0.003499614
JornadaGW,ERPU,3.78E-05
JornadaGW,ERRO,8.88E-06
JornadaGW,ERTE,0.000997751
JornadaGW,ERTR,6.16E-06
JornadaGW,ESME,0.01176617
JornadaGW,EUAL,0.002136934
JornadaGW,EUMC,1.09E-06
JornadaGW,EVNU,0.000274803
JornadaGW,GAPI,3.89E-06
JornadaGW,GIFL,1.41E-05
JornadaGW,GILI1,3.46E-05
JornadaGW,GILI2,1.95E-07
JornadaGW,GSDL1,0.002291028
JornadaGW,HAGR,0.000168593
JornadaGW,HODR,1.67E-07
JornadaGW,HYFL,0.000518862
JornadaGW,IPLO,6.72E-07
JornadaGW,IVAM,0.000310367
JornadaGW,LARE,2.95E-05
JornadaGW,LEER,0.000132447
JornadaGW,LEFE,4.83E-06
JornadaGW,LEGO,3.15E-05
JornadaGW,LELA,0.001620276
JornadaGW,LEPI1,0.000281277
JornadaGW,LESQ1,1.15E-06
JornadaGW,LEVI,0.00122664
JornadaGW,LIBI,0.000313789
JornadaGW,LIVE,3.79E-06
JornadaGW,LONE,0.003848371
JornadaGW,LUCO,0.000471858
JornadaGW,MAFE,0.002902596
JornadaGW,MAPI,6.05E-07
JornadaGW,MEAL,4.00E-05
JornadaGW,MENT1,6.13E-05
JornadaGW,MEPU,1.40E-05
JornadaGW,MILI,0.00348674
JornadaGW,MUAR,4.30E-05
JornadaGW,MUPO,0.020492353
JornadaGW,NAHI,0.00069968
JornadaGW,OEAL,2.80E-05
JornadaGW,OENA1,3.55E-07
JornadaGW,OENO1,1.58E-06
JornadaGW,OEPR,0.000178022
JornadaGW,PAIN,3.67E-07
JornadaGW,PENA,3.96E-05
JornadaGW,PHAC1,0.000881019
JornadaGW,PHCO,6.56E-05
JornadaGW,PLMU,8.15E-07
JornadaGW,PLPA,0.013320418
JornadaGW,POPA,5.18E-07
JornadaGW,PSDL1,7.92E-08
JornadaGW,PSTA,0.000189985
JornadaGW,RANE,0.000384463
JornadaGW,SAKA,0.000186705
JornadaGW,SCAR,0.000268482
JornadaGW,SCBR,0.000109811
JornadaGW,SELE,0.000310705
JornadaGW,SELO,0.000136704
JornadaGW,SOOL,6.00E-07
JornadaGW,SPCC,4.07E-07
JornadaGW,SPHA1,8.73E-08
JornadaGW,SPIN,1.64E-05
JornadaGW,SPOR1,0.000337264
JornadaGW,SPSA,1.29E-06
JornadaGW,SPSU,0.000134307
JornadaGW,SPVEG,0.010151949
JornadaGW,STEX,2.25E-05
JornadaGW,STPA,8.09E-05
JornadaGW,TOAN,7.56E-05
JornadaGW,UKFO1,8.68E-05
JornadaGW,UKFO2,5.44E-06
JornadaGW,UKGR1,5.28E-05
JornadaGW,UKGS1,4.57E-08
JornadaGW,VEWR,3.13E-05
JornadaGW,VUOC,6.28E-05
JornadaGW,XASA,3.28E-08
JornadaMS,ACWR,0.000737915
JornadaMS,AMAR,1.79E-05
JornadaMS,AMAR1,0.000319954
JornadaMS,AMPA,0.000116873
JornadaMS,AMPU,0.000271788
JornadaMS,APRA,2.28E-07
JornadaMS,ARAD,0.000763509
JornadaMS,ARGL,5.51E-05
JornadaMS,ARHA,5.50E-05
JornadaMS,ARIS1,0.021108263
JornadaMS,ARLO,0.009524572
JornadaMS,ARNE,0.007841403
JornadaMS,ARPU,0.000741756
JornadaMS,ARPU1,0.000201021
JornadaMS,ARWR,0.018833399
JornadaMS,ASNU,1.49E-05
JornadaMS,ASTE,1.66E-06
JornadaMS,ASTE1,8.66E-05
JornadaMS,ASTR1,1.44E-05
JornadaMS,BAAB,5.40E-05
JornadaMS,BAMU,0.007648802
JornadaMS,CABA,0.085977054
JornadaMS,CAJA,0.00325964
JornadaMS,CHIN,0.000307237
JornadaMS,COCO,1.71E-06
JornadaMS,CONI,3.40E-05
JornadaMS,CRAN,1.95E-05
JornadaMS,CRCR,0.005180596
JornadaMS,CRMI,0.002988137
JornadaMS,CRPO,0.002116774
JornadaMS,CRYP1,0.000341964
JornadaMS,DAPU,0.08578318
JornadaMS,DEPI,0.154514526
JornadaMS,DIWI,0.066611694
JornadaMS,ERAB,0.00062411
JornadaMS,ERAN,8.34E-05
JornadaMS,ERDV,7.36E-07
JornadaMS,ERIO1,1.39E-05
JornadaMS,ERPU,0.096531212
JornadaMS,ERRO,0.009723495
JornadaMS,EUAL,0.035492608
JornadaMS,FABA1,2.02E-06
JornadaMS,HAGR,2.29E-05
JornadaMS,HEHU,9.79E-07
JornadaMS,HOGL,0.001762634
JornadaMS,LEGO,1.27E-06
JornadaMS,LESQ1,3.42E-07
JornadaMS,LIVE,0.012103995
JornadaMS,MACH1,7.19E-07
JornadaMS,MALI,4.75E-06
JornadaMS,MAPI,2.55E-05
JornadaMS,MEPU,3.81E-06
JornadaMS,MSDL1,3.25E-06
JornadaMS,MUPO,0.193742916
JornadaMS,NAHI,0.003920521
JornadaMS,PECT1,2.16E-07
JornadaMS,PEPA,1.36E-05
JornadaMS,PHAC1,4.70E-05
JornadaMS,PHIN,0.001209993
JornadaMS,POOL,0.000665946
JornadaMS,PORT1,5.76E-09
JornadaMS,PSTA,8.66E-05
JornadaMS,SAKA,0.009780595
JornadaMS,SCAR,7.38E-07
JornadaMS,SELE,0.013875117
JornadaMS,SOEL,0.00204571
JornadaMS,SPIN,6.11E-05
JornadaMS,SPOR1,0.040266875
JornadaMS,SPSU,0.030666615
JornadaMS,SPVEG,0.027792643
JornadaMS,TECO,0.002555261
JornadaMS,TILA,0.001969583
JornadaMS,UKFO1,0.000172753
JornadaMS,UKFO8,1.86E-07
JornadaMS,UKGR1,1.13E-05
JornadaMS,UKGR2,1.84E-06
JornadaMS,UKGS1,4.33E-07
JornadaMS,XASA,0.004714288
JornadaMS,XASP1,0.034451587
JornadaMW,APRA,2.10E-06
JornadaMW,ARGL,0.000740855
JornadaMW,ARHA,0.000620731
JornadaMW,ARIS1,0.010368506
JornadaMW,ARLO,1.77E-06
JornadaMW,ARNE,0.003074882
JornadaMW,ARWR,0.039837095
JornadaMW,ASAL,1.67E-07
JornadaMW,ASNU,2.79E-05
JornadaMW,ASTE1,8.81E-06
JornadaMW,ASTR1,9.78E-05
JornadaMW,BAAB,5.90E-06
JornadaMW,BAMU,0.000616185
JornadaMW,CHCO,5.28E-06
JornadaMW,CHIN,1.92E-06
JornadaMW,CRAN,2.11E-05
JornadaMW,CRCR,0.010758951
JornadaMW,CRMI,0.0009813
JornadaMW,CRYP1,0.005048253
JornadaMW,DAPU,0.05014429
JornadaMW,DEPI,0.241192656
JornadaMW,DIWI,0.094220541
JornadaMW,ERAB,0.000342719
JornadaMW,ERAN,2.61E-06
JornadaMW,ERIO1,0.000307172
JornadaMW,ERPU,0.079117204
JornadaMW,ERRO,0.002699507
JornadaMW,ERTR,0
JornadaMW,EUAL,0.000422136
JornadaMW,GSDL1,4.10E-06
JornadaMW,HYOD,0.000161289
JornadaMW,LESQ1,4.23E-07
JornadaMW,LIBI,2.62E-05
JornadaMW,LIVE,3.91E-05
JornadaMW,MAFE,0.000213382
JornadaMW,MALI,2.70E-06
JornadaMW,MEPU,1.01E-05
JornadaMW,MSDL1,0.000823929
JornadaMW,MUPO,0.306724934
JornadaMW,NAHI,0.001385965
JornadaMW,PECT1,7.64E-06
JornadaMW,PHAC1,0.000915076
JornadaMW,PLPA,0.000100819
JornadaMW,PSDL1,3.95E-06
JornadaMW,PSTA,0.000576804
JornadaMW,SAKA,0.013305655
JornadaMW,SCAR,0.000113403
JornadaMW,SELE,0.01442507
JornadaMW,SPOR1,0.003321483
JornadaMW,SPSU,0.014610934
JornadaMW,SPVEG,0.056794596
JornadaMW,STEX,1.81E-07
JornadaMW,TILA,3.45E-08
JornadaMW,UKFO1,1.99E-07
JornadaMW,UKFO5,1.73E-05
JornadaMW,UKGR1,1.62E-05
JornadaMW,UKGS1,1.51E-05
JornadaMW,XANT1,0.012963061
JornadaMW,XASA,9.96E-05
JornadaMW,XASP,4.03E-06
JornadaMW,XASP1,0.032648299
JornadaPS,AMAR1,0.003446912
JornadaPS,AMBL,0.003471107
JornadaPS,AMPA,0.003433845
JornadaPS,AMPU,0.00343664
JornadaPS,APRA,0.00511036
JornadaPS,ASCL1,0.003424683
JornadaPS,ASNU,0.003492665
JornadaPS,ASSU,0.012059571
JornadaPS,ASTE1,0.003428109
JornadaPS,ASTR1,0.00344497
JornadaPS,BAMU,0.003425164
JornadaPS,BAPE,0.003424886
JornadaPS,CAWR,0.003433974
JornadaPS,CHIN,0.004026943
JornadaPS,CIOC,0.008263211
JornadaPS,COCA,0.003463535
JornadaPS,COCO,0.006204564
JornadaPS,CRAN,0.003425651
JornadaPS,CRCR,0.003562057
JornadaPS,CYES,0.003430862
JornadaPS,DECO,0.007485835
JornadaPS,DEPI,0.035624388
JornadaPS,DIWI,0.003430366
JornadaPS,ERAB,0.003424804
JornadaPS,ERAG1,0.003428207
JornadaPS,ERBE,0.004143488
JornadaPS,ERDV,0.003760556
JornadaPS,ERIG1,0.003436744
JornadaPS,EUAL,0.003476569
JornadaPS,EUGL,0.003443122
JornadaPS,EUMI,0.003427558
JornadaPS,EUSE,0.003450963
JornadaPS,EUSR,0.003435606
JornadaPS,EUST,0.003450912
JornadaPS,GAPA,0.003556241
JornadaPS,GRSQ,0.027928845
JornadaPS,HAGR,0.003425225
JornadaPS,HEAN,0.005058559
JornadaPS,HECI,0.075509547
JornadaPS,HIMU,0.048541051
JornadaPS,HODR,0.003446169
JornadaPS,HOGL,0.034667965
JornadaPS,HYOD,0.074042398
JornadaPS,IPLO,0.003425232
JornadaPS,IPPU,0.003428648
JornadaPS,KAHI,0.00342853
JornadaPS,LEFE,0.003429819
JornadaPS,LEGO,0.003439725
JornadaPS,LEVS,0.003443124
JornadaPS,MAFE,0.003505263
JornadaPS,NAHI,0.003424759
JornadaPS,PAOB,0.345468376
JornadaPS,PAOBS,0.003521133
JornadaPS,PEPA,0.003424711
JornadaPS,PHAC1,0.003444802
JornadaPS,PHCO,0.003477988
JornadaPS,PHIN,0.003424788
JornadaPS,PLMU,0.091269919
JornadaPS,PLPA,0.003426874
JornadaPS,POOL,0.003532046
JornadaPS,PROB1,0.003425167
JornadaPS,PSDL1,0.003441099
JornadaPS,PSTA,0.003425109
JornadaPS,SAKA,0.00346978
JornadaPS,SILE,0.040924736
JornadaPS,SOEL,0.008800484
JornadaPS,SONU,0.0506627
JornadaPS,SOOL,0.003523262
JornadaPS,SPAI,0.170062885
JornadaPS,SPSA,0.009010861
JornadaPS,SPSU,0.003444887
JornadaPS,TAAN,0.003440849
JornadaPS,TALI1,0.003452744
JornadaPS,TECO,0.003424803
JornadaPS,TILA,0.003428604
JornadaPS,UKFO1,0.003454967
JornadaPS,UKFO2,0.003425052
JornadaPS,UKFO4,0.003424767
JornadaPS,UKFO5,0.003431744
JornadaPS,VEBR,0.003428363
JornadaPS,VEEN,0.005128298
JornadaPS,VERB1,0.003424699
JornadaPS,VEWR,0.003424781
JornadaPS,VUOC,0.003645372
JornadaPW,APRA,0.048159673
JornadaPW,ASNU,0.044452613
JornadaPW,ASTE,0.044061809
JornadaPW,ASTR1,0.044054268
JornadaPW,BAMU,0.044056
JornadaPW,CHIN,0.04501021
JornadaPW,CIOC,0.049979962
JornadaPW,COCA,0.044103485
JornadaPW,COCO,0.056410109
JornadaPW,CRCR,0.044320862
JornadaPW,CRMI,0.0440538
JornadaPW,CRYP1,0.04651383
JornadaPW,DEPI,0.35476415
JornadaPW,DIWI,0.047123178
JornadaPW,ERAB,0.044054403
JornadaPW,ERBE,0.044144321
JornadaPW,GAPA,0.044072375
JornadaPW,GRSQ,0.135033882
JornadaPW,GSDL1,0.05190716
JornadaPW,HECI,0.057759283
JornadaPW,HIMU,0.117673347
JornadaPW,HODR,0.04405304
JornadaPW,HOGL,0.056370002
JornadaPW,HYOD,0.243018429
JornadaPW,LEGO,0.044105979
JornadaPW,LESQ1,0.044076282
JornadaPW,LEVI,0.044080736
JornadaPW,MAFE,0.046903167
JornadaPW,NAHI,0.044053887
JornadaPW,OENO1,0.044059442
JornadaPW,OEPR,0.044062743
JornadaPW,PAOB,0.048460864
JornadaPW,PHAC1,0.044705076
JornadaPW,PHCO,0.044416202
JornadaPW,PLMU,0.089506436
JornadaPW,PLPA,0.04419784
JornadaPW,PSDL1,0.053371371
JornadaPW,SCAR,0.044326216
JornadaPW,SIIR,0.04405687
JornadaPW,SILE,0.054674659
JornadaPW,SOOL,0.048709765
JornadaPW,SPAI,0.167202164
JornadaPW,SPSA,0.044054215
JornadaPW,STEX,0.044064988
JornadaPW,TAAN,0.044079225
JornadaPW,UKFO.,0.044056686
JornadaPW,UKFO1,0.057493337
JornadaPW,UKFO2,0.044890679
JornadaPW,UKFO3,0.044173881
JornadaPW,UKFO4,0.044057143
JornadaPW,UKFO5,0.044053808
JornadaPW,UKFO8,0.044053804
JornadaPW,VUOC,0.045651245
JornadaTS,ALIN,0.013608189
JornadaTS,ALLI1,0.013605543
JornadaTS,AMCH,0.013866438
JornadaTS,APRA,0.015159538
JornadaTS,ARGL,0.015587593
JornadaTS,ARIS1,0.022732818
JornadaTS,ARLO,0.013954339
JornadaTS,ARNE,0.014634878
JornadaTS,ARPU,0.014105469
JornadaTS,ARWR,0.019991696
JornadaTS,ASAL,0.015262702
JornadaTS,ASMO,0.015367138
JornadaTS,ASNU,0.014703062
JornadaTS,ASTE,0.013910022
JornadaTS,ASTR1,0.013669011
JornadaTS,ASWO,0.013607472
JornadaTS,BAAB,0.01376866
JornadaTS,BAPE,0.013606702
JornadaTS,BOER,0.047844329
JornadaTS,CAWR,0.013639019
JornadaTS,CHCO,0.013641509
JornadaTS,CHIN,0.013608856
JornadaTS,COCO,0.017991838
JornadaTS,CRAN,0.013612673
JornadaTS,CRBA,0.013618311
JornadaTS,CRCR,0.013677566
JornadaTS,CRMI,0.013607044
JornadaTS,CRPO,0.013607649
JornadaTS,CRYP1,0.013606714
JornadaTS,CRYP2,0.013627503
JornadaTS,DAPU,0.01493282
JornadaTS,DEPI,0.020193441
JornadaTS,DYPE,0.013606095
JornadaTS,ERAB,0.013671215
JornadaTS,ERBE,0.013708009
JornadaTS,ERDI,0.013605971
JornadaTS,ERDV,0.013859739
JornadaTS,ERPU,0.015172367
JornadaTS,ERRO,0.016497942
JornadaTS,ERTE,0.014655538
JornadaTS,ERTR,0.028295272
JornadaTS,EUSE,0.013606243
JornadaTS,EUST,0.013607131
JornadaTS,EVNU,0.013628026
JornadaTS,HAGR,0.013630476
JornadaTS,HIMU,0.0502163
JornadaTS,HODR,0.013961469
JornadaTS,HOFF1,0.013605541
JornadaTS,HOGL,0.017989235
JornadaTS,HYVE,0.013768772
JornadaTS,LEER,0.013643164
JornadaTS,LEFE,0.015185715
JornadaTS,LEGO,0.014252871
JornadaTS,LELA,0.034483714
JornadaTS,LESQ1,0.013634605
JornadaTS,LEVI,0.013934553
JornadaTS,LUCO,0.015359321
JornadaTS,MAFE,0.01366395
JornadaTS,MAPI,0.013611756
JornadaTS,MATA,0.013652102
JornadaTS,MELE,0.013612465
JornadaTS,MENT1,0.013605709
JornadaTS,MUAR,0.027207957
JornadaTS,MUPO,0.405171865
JornadaTS,NAHI,0.013619189
JornadaTS,OENO1,0.013608555
JornadaTS,PAHA,0.016750615
JornadaTS,PAHI,0.013607728
JornadaTS,PENA,0.026104329
JornadaTS,PHAC1,0.015635713
JornadaTS,PHCO,0.013891852
JornadaTS,PHIN,0.01418103
JornadaTS,PHPO,0.020367131
JornadaTS,PLMU,0.068932435
JornadaTS,PLPA,0.013656158
JornadaTS,RANE,0.013653259
JornadaTS,SAKA,0.013838116
JornadaTS,SCBR,0.313396393
JornadaTS,SELO,0.013677226
JornadaTS,SIPH,0.013789135
JornadaTS,SOEL,0.015704429
JornadaTS,SPAI,0.015322176
JornadaTS,SPAN,0.013677452
JornadaTS,SPOR1,0.013654304
JornadaTS,SPSU,0.029946914
JornadaTS,SPVEG,0.013828783
JornadaTS,STAR,0.013785344
JornadaTS,STEX,0.0136306
JornadaTS,TAAN,0.017195061
JornadaTS,TAAU,0.013800317
JornadaTS,TALI1,0.019698046
JornadaTS,TECO,0.013612378
JornadaTS,TSDL1,0.013606688
JornadaTS,UKFO1,0.013605802
JornadaTS,UKFO5,0.013606194
JornadaTS,UKFO6,0.013608466
JornadaTS,VEWR,0.022670703
JornadaTS,VUOC,0.013606655
JornadaTS,XASP,0.013608528
JornadaTW,APRA,0.009746218
JornadaTW,ARGL,0.007522482
JornadaTW,ARIS1,0.008087347
JornadaTW,ARNE,0.007537372
JornadaTW,ARWR,0.013079561
JornadaTW,ASAL,0.011725305
JornadaTW,ASMO,0.010338637
JornadaTW,ASNU,0.016321548
JornadaTW,ASTE,0.009471653
JornadaTW,ASTR1,0.007726044
JornadaTW,BAAB,0.007518837
JornadaTW,BOER,0.038666303
JornadaTW,CAWR,0.008375342
JornadaTW,CHIN,0.00751975
JornadaTW,CHST,0.007834183
JornadaTW,COCO,0.01258003
JornadaTW,CRAN,0.007519288
JornadaTW,CRPT,0.007723545
JornadaTW,CRYP1,0.00758878
JornadaTW,DAPU,0.007522141
JornadaTW,DECO,0.007537572
JornadaTW,DEPI,0.035648485
JornadaTW,DIWI,0.007519168
JornadaTW,ERAB,0.008396239
JornadaTW,ERDI,0.007520253
JornadaTW,ERIO1,0.007525924
JornadaTW,ERPU,0.007799181
JornadaTW,ERRO,0.007549075
JornadaTW,ERTE,0.009210561
JornadaTW,ERTR,0.007600787
JornadaTW,GILI1,0.00751957
JornadaTW,GSDL1,0.007522739
JornadaTW,HAGR,0.007527312
JornadaTW,HIMU,0.083654399
JornadaTW,HODR,0.00796126
JornadaTW,HOGL,0.008308167
JornadaTW,LEER,0.007560077
JornadaTW,LEFE,0.012242584
JornadaTW,LEGO,0.008563972
JornadaTW,LELA,0.0170154
JornadaTW,LEPI1,0.008792954
JornadaTW,LESQ1,0.007544408
JornadaTW,LEVI,0.007968098
JornadaTW,LIBI,0.007519222
JornadaTW,MAFE,0.008564211
JornadaTW,MAPI,0.007521785
JornadaTW,MELE,0.007571156
JornadaTW,MILI,0.008410125
JornadaTW,MUAR,0.015045086
JornadaTW,MUPO,0.638809186
JornadaTW,NAHI,0.007519001
JornadaTW,OEAL,0.007757487
JornadaTW,OEPR,0.007778169
JornadaTW,PAHA,0.011274784
JornadaTW,PENA,0.012187876
JornadaTW,PHAC1,0.015187115
JornadaTW,PHCO,0.009650865
JornadaTW,PLMU,0.053751753
JornadaTW,PLPA,0.007942613
JornadaTW,RANE,0.007623177
JornadaTW,SCAR,0.007694001
JornadaTW,SCBR,0.060714517
JornadaTW,SELO,0.007801533
JornadaTW,SIIR,0.007523625
JornadaTW,SILE,0.00751888
JornadaTW,SOEL,0.007518818
JornadaTW,SOOL,0.007522887
JornadaTW,SPAI,0.010785661
JornadaTW,SPIN,0.008311286
JornadaTW,SPOR1,0.007526467
JornadaTW,SPSU,0.027350324
JornadaTW,SPVEG,0.007529217
JornadaTW,STAR,0.008201216
JornadaTW,STEX,0.007527295
JornadaTW,TOAN,0.007519079
JornadaTW,TSDL1,0.015378139
JornadaTW,UKFO1,0.007519284
JornadaTW,UKFO7,0.007527261
JornadaTW,UKFOa,0.007653179
JornadaTW,UKGR1,0.007716635
JornadaTW,VEWR,0.017658289
KansasAnnuals,Anethum.graveolens,0.028336601
KansasAnnuals,Bromus.japonicus,0.044068789
KansasAnnuals,Chamaesaracha.spp,0.027039888
KansasAnnuals,Conyza.canadensis,0.056042431
KansasAnnuals,Croton.monanthogynus,0.088527586
KansasAnnuals,Croton.texensis,0.043196776
KansasAnnuals,Euphorbia.dentata,0.03811499
KansasAnnuals,Euphorbia.geyeri,0.03736434
KansasAnnuals,Euphorbia.marginata,0.030000747
KansasAnnuals,Euphorbia.spathulata,0.030443627
KansasAnnuals,Festuca.octoflora,0.036228319
KansasAnnuals,Hedeoma.hispida,0.03195109
KansasAnnuals,Helianthus.annuus,0.095228558
KansasAnnuals,Helianthus.petiolaris,0.026541193
KansasAnnuals,Hordeum.pusillum,0.040851533
KansasAnnuals,Hymenopappus.corymbosus,0.202659064
KansasAnnuals,Kochia.scoparia,0.041731054
KansasAnnuals,Lactuca.ludoviciana,0.051453158
KansasAnnuals,Lactuca.serriola,0.028468923
KansasAnnuals,Leonurus.cardiaca,0.029374865
KansasAnnuals,Lepidium.campestre,0.029390307
KansasAnnuals,Lepidium.densiflorum,0.037395847
KansasAnnuals,Linum.rigidum,0.040162727
KansasAnnuals,Linum.sulcatum,0.031294673
KansasAnnuals,Panicum.capillare,0.153556895
KansasAnnuals,Plantago.patagonica,0.062411432
KansasAnnuals,Plantago.rhodosperma,0.027798715
KansasAnnuals,Polygala.verticillata,0.040673675
KansasAnnuals,Salsola.iberica,0.091178715
KansasAnnuals,Senecio.plattensis,0.098459374
KansasAnnuals,Silene.antirrhina,0.03137518
KansasAnnuals,Solanum.rostratum,0.030770796
KansasAnnuals,Stenosiphon.linifolius,0.119214016
KansasAnnuals,Tragopogon.pratensis,0.044847962
KansasPerennials,Agropyron.smithii,0.014601951
KansasPerennials,Allium.drummondii,0.000197502
KansasPerennials,Allium.spp_,0.000130568
KansasPerennials,Ambrosia.psilostachya,0.002023401
KansasPerennials,Ambrosia.spp_,1.19E-05
KansasPerennials,Andropogon.gerardii,0.085585344
KansasPerennials,Arenaria.stricta,0.005434348
KansasPerennials,Aristida.longiseta,0.041617872
KansasPerennials,Aristida.purpurea,0.029850242
KansasPerennials,Asclepias.pumila,0.000123561
KansasPerennials,Asclepias.viridiflora,6.66E-06
KansasPerennials,Asclepias.viridis,2.77E-05
KansasPerennials,Aster.ericoides,0.001838295
KansasPerennials,Aster.fendleri,0.000878802
KansasPerennials,Aster.oblongifolius,0.001694849
KansasPerennials,Astragalus.mollissimus,1.16E-05
KansasPerennials,Bouteloua.curtipendula,0.062878993
KansasPerennials,Bouteloua.gracilis,0.102798535
KansasPerennials,Bouteloua.hirsuta,0.048310536
KansasPerennials,Brickellia.eupatorioides,0.000458945
KansasPerennials,Buchloe.dactyloides,0.178978261
KansasPerennials,Callirhoe.involucrata,0.0004866
KansasPerennials,Calylophus.lavandulifolius,0.00162072
KansasPerennials,Calylophus.serrulatus,0.001063069
KansasPerennials,Carex.gravida,0.005103933
KansasPerennials,Carex.heliophila,0.000103312
KansasPerennials,Carex.praegracilis,0.000445765
KansasPerennials,Carex.spp_,0.004071081
KansasPerennials,Castilleja.sessiliflora,2.50E-05
KansasPerennials,Chamaesyce.polygonifolia,8.76E-06
KansasPerennials,Chamaesyce.spp_,3.39E-05
KansasPerennials,Chamaesyce.stictospora,0.000248233
KansasPerennials,Chenopodium.album,0.000449013
KansasPerennials,Chenopodium.leptophyllum,5.35E-06
KansasPerennials,Chloris.verticillata,0.004733527
KansasPerennials,Chloris.virgata,0.000365166
KansasPerennials,Cirsium.ochrocentrum,4.59E-05
KansasPerennials,Cirsium.undulatum,0.001307347
KansasPerennials,Comandra.umbellata,2.02E-05
KansasPerennials,Dalea.candida,0.000159925
KansasPerennials,Dalea.purpurea,0.001506523
KansasPerennials,Echinacea.angustifolia,0.001215493
KansasPerennials,Echinacea.pallida,0.000817221
KansasPerennials,Elymus.canadensis,0.000321165
KansasPerennials,Erigeron.strigosus,0.000151925
KansasPerennials,Erysimum.asperum,0.000717013
KansasPerennials,Evolvulus.nuttallianus,0.001040848
KansasPerennials,Gaura.coccinea,0.000935369
KansasPerennials,Grindelia.squarrosa,5.43E-05
KansasPerennials,Haplopappus.spinulosus,0.000319966
KansasPerennials,Hedeoma.drummondii,0.000101984
KansasPerennials,Hedyotis.nigricans,0.001055002
KansasPerennials,Helianthus.maximiliani,0.000245139
KansasPerennials,Hybanthus.verticillatus,0.000255156
KansasPerennials,Hymenoxys.scaposa,0.002324269
KansasPerennials,Lesquerella.ovalifolia,0.001199247
KansasPerennials,Leucelene.ericoides,0.002252563
KansasPerennials,Liatris.punctata,0.001604474
KansasPerennials,Lithospermum.incisum,0.000575306
KansasPerennials,Lomatium.macrocarpum,0.001700505
KansasPerennials,Megapterium.fremontii,1.61E-05
KansasPerennials,Mentzelia.decapetala,0.000263491
KansasPerennials,Mentzelia.oligosperma,9.25E-05
KansasPerennials,Mirabilis.linearis,0.000458314
KansasPerennials,Muhlenbergia.cuspidata,0.000340189
KansasPerennials,Oenothera.macrocarpa,3.49E-05
KansasPerennials,Onosmodium.molle,2.74E-05
KansasPerennials,Oxalis.spp_,1.07E-05
KansasPerennials,Oxalis.stricta,0.000224533
KansasPerennials,Oxytropis.lambertii,1.60E-05
KansasPerennials,Panicum.virgatum,0.027983424
KansasPerennials,Paronychia.jamesii,0.001456614
KansasPerennials,Penstemon.albidus,0.000103848
KansasPerennials,Poa.arachnifera,5.38E-06
KansasPerennials,Polygala.alba,0.000338936
KansasPerennials,Polygala.spp_,2.88E-05
KansasPerennials,Psoralea.cuspidata,1.49E-05
KansasPerennials,Psoralea.tenuiflora,0.001778771
KansasPerennials,Ratibida.columnifera,0.000558814
KansasPerennials,Salvia.azurea,0.000425417
KansasPerennials,Schedonnardus.paniculatus,0.030371189
KansasPerennials,Schizachyrium.scoparium,0.169260833
KansasPerennials,Schrankia.uncinata,0.000988698
KansasPerennials,Scutellaria.resinosa,0.001912264
KansasPerennials,Short.grass,0.04260358
KansasPerennials,Sitanion.hystrix,0.018620887
KansasPerennials,Solidago.glaberrima,0.000534493
KansasPerennials,Solidago.mollis,0.001284077
KansasPerennials,Solidago.rigida,0.000245079
KansasPerennials,Solidago.spp_,4.98E-05
KansasPerennials,Sorghastrum.nutans,0.000566592
KansasPerennials,Sphaeralcea.coccinea,0.001256089
KansasPerennials,Sporobolus.asper,0.046140339
KansasPerennials,Sporobolus.cryptandrus,0.031471405
KansasPerennials,Sporobolus.neglectus,0.000858116
KansasPerennials,Thelesperma.megapotamicum,0.001393929
KansasPerennials,Townsendia.exscapa,0.000489199
KansasPerennials,Tragia.ramosa,0.0010971
KansasPerennials,Tridens.flavus,0.000347463
KansasPerennials,Verbena.bipinnatifida,0.000135247
KansasPerennials,Verbena.bracteata,1.68E-05
KansasPerennials,Vicia.americana,2.77E-05
PortalSummer,Amar.palm,0.035938267
PortalSummer,Ambr.arte,0.032030339
PortalSummer,Aris.adsc,0.113374647
PortalSummer,Astr.nutt,0.032185199
PortalSummer,Astr.spp_,0.031254528
PortalSummer,Atri.eleg,0.031267393
PortalSummer,Atri.wrig,0.031268296
PortalSummer,Bahi.bite,0.031433861
PortalSummer,Bail.mult,0.047093914
PortalSummer,Boer.cout,0.031993901
PortalSummer,Boer.inte,0.064831376
PortalSummer,Boer.spic,0.045614206
PortalSummer,Boer.spp_,0.035257291
PortalSummer,Boer.torr,0.043748694
PortalSummer,Bout.aris,0.258394051
PortalSummer,Bout.barb,0.093073503
PortalSummer,Bout.spp_,0.061310892
PortalSummer,Cass.lept,0.031783476
PortalSummer,Chen.frem,0.033412001
PortalSummer,Chlo.virg,0.031321099
PortalSummer,Crot.pumi,0.03861601
PortalSummer,Cusc.spp_,0.031730883
PortalSummer,Dale.brac,0.055715268
PortalSummer,Dith.wisl,0.031637902
PortalSummer,Erag.arid,0.031702628
PortalSummer,Erag.cili,0.031369148
PortalSummer,Erig.dive,0.031546327
PortalSummer,Erio.aber,0.155694636
PortalSummer,Erio.lemm,0.031605492
PortalSummer,Erio.poly,0.031318746
PortalSummer,Erod.cicu,0.048157184
PortalSummer,Erod.texa,0.031316254
PortalSummer,Euph.exst,0.031399482
PortalSummer,Euph.fend,0.049156817
PortalSummer,Euph.micr,0.033985133
PortalSummer,Euph.serp,0.04009031
PortalSummer,Euph.serr,0.033043589
PortalSummer,grass.unkn,0.031581272
PortalSummer,Hapl.grac,0.077362991
PortalSummer,Ipom.cost,0.031988771
PortalSummer,Kall.gran,0.032135455
PortalSummer,Kall.sp_2,0.03125952
PortalSummer,Mach.tanr,0.031899909
PortalSummer,Moll.cerv,0.079173245
PortalSummer,Moll.spp_,0.031295741
PortalSummer,Moll.vert,0.075166138
PortalSummer,Pani.ariz,0.04778805
PortalSummer,Pani.hirt,0.051079815
PortalSummer,Pani.mili,0.033141171
PortalSummer,Pani.spp_,0.031681854
PortalSummer,Pect.papp,0.064148062
PortalSummer,Port.parv,0.034395029
PortalSummer,Port.sp_2,0.031251841
PortalSummer,Port.spp_,0.031339573
PortalSummer,Prob.parv,0.031275556
PortalSummer,Sals.kali,0.031263083
PortalSummer,Sanv.aber,0.031369604
PortalSummer,Sida.spin,0.033106489
PortalSummer,Sida.spp_,0.031331646
PortalSummer,Sola.rost,0.031258678
PortalSummer,Tali.angu,0.035729372
PortalSummer,Tali.aura,0.039942822
PortalSummer,Tide.lanu,0.062131384
PortalSummer,Trag.bert,0.031293188
PortalSummer,Tria.port,0.031557409
PortalSummer,Unk.grass,0.03912287
PortalSummer,Unkn.sp_,0.031725252
PortalSummer,Verb.ence,0.031281468
PortalWinter,Ambr.arte,0.062791717
PortalWinter,Amsi.inte,0.062501147
PortalWinter,Amsi.tess,0.062525414
PortalWinter,Andr.occi,0.062523484
PortalWinter,Astr.allo,0.063775694
PortalWinter,Astr.nutt,0.126758523
PortalWinter,Astr.spp_,0.063346652
PortalWinter,Bail.mult,0.076487805
PortalWinter,Brom.rube,0.062500855
PortalWinter,Caly.wrig,0.063032344
PortalWinter,Chae.stev,0.080105767
PortalWinter,Chen.frem,0.0644743
PortalWinter,Chor.tene,0.062502293
PortalWinter,Cryp.cras,0.092551208
PortalWinter,Cryp.micr,0.078355284
PortalWinter,Cryp.sp_3,0.062510146
PortalWinter,Cryp.sp_4,0.062528988
PortalWinter,D_.sp2,0.062517948
PortalWinter,Dale.brac,0.064141487
PortalWinter,Delp.sp_,0.062635174
PortalWinter,Desc.pinn,0.082597525
PortalWinter,Desc.sp2,0.06250569
PortalWinter,Dich.pulc.,0.062829357
PortalWinter,Dith.wisl,0.063727815
PortalWinter,Eria.diff,0.167493867
PortalWinter,Erig.dive,0.072643735
PortalWinter,Erio.aber,0.245922666
PortalWinter,Erio.lemm,0.063216743
PortalWinter,Erod.cicu,0.292849788
PortalWinter,Erod.texa,0.066379175
PortalWinter,Esch.mexi,0.063933377
PortalWinter,Gili.sinu,0.06852173
PortalWinter,Hapl.grac,0.207823136
PortalWinter,Hoff.dens.,0.062617681
PortalWinter,Lapp.redo,0.063327447
PortalWinter,Lepi.lasi,0.063770292
PortalWinter,Lesq.gord,0.076234996
PortalWinter,Lina.bige,0.063495032
PortalWinter,Lina.sp_,0.062503129
PortalWinter,Lina.texa,0.062515466
PortalWinter,Linanthus_sp_,0.062980769
PortalWinter,Lupi.cocc,0.063571097
PortalWinter,Lupi.sp_,0.062983227
PortalWinter,Lupi.sp_2,0.062948418
PortalWinter,Mala.fend,0.069906405
PortalWinter,Micr.lene,0.064689267
PortalWinter,Nama.hisp,0.062539192
PortalWinter,Oeno.prim,0.063199124
PortalWinter,Oeno.sp_,0.062687801
PortalWinter,Pani.hirt,0.062701504
PortalWinter,Pech.,0.062505348
PortalWinter,Pect.sp.1,0.062980769
PortalWinter,Pect.sp_,0.063788936
PortalWinter,Phac.ariz,0.066157226
PortalWinter,Plag.ariz,0.062859331
PortalWinter,Plan.purs,0.081423935
PortalWinter,Rume.sp.,0.062885044
PortalWinter,Schi.barb,0.062565158
PortalWinter,Sisy.irio,0.062501092
PortalWinter,Sper.echi,0.071912163
PortalWinter,Step.exig,0.064718698
PortalWinter,unk.grass,0.066430906
PortalWinter,unk1,0.062503346
PortalWinter,unk2,0.062503346
PortalWinter,unk3,0.062505798
PortalWinter,unk4,0.062501449
PortalWinter,unk5,0.062501449
PortalWinter,Unkn.must,0.062514589
PortalWinter,Unkn.sp_,0.062675974
PortalWinter,Verb.ence,0.062526573
PortalWinter,Vulp.octo,0.0776389
Steppe,Achillea.millefolium,0.115428672
Steppe,Achnatherum.hymenoides,0.115459512
Steppe,Achnatherum.nelsonii,0.115447667
Steppe,Adenostegia.ramosa,0.115428672
Steppe,Antennaria.microphylla,0.115394406
Steppe,Artemisia.tridentata,0.115699874
Steppe,Artemisia.tripartita,0.115966395
Steppe,Aster.spp_,0.115421329
Steppe,Astragalus.lentiginosus,0.115599995
Steppe,Bromus.tectorum,0.19324181
Steppe,Camissonia.andina,0.119202373
Steppe,Castilleja.angustifolia,0.115391958
Steppe,Chenopodium.album,0.115853163
Steppe,Chenopodium.inamoenum,0.120601615
Steppe,Chenopodium.spp_,0.115770624
Steppe,Chrysothamnus.viscidiflorus,0.115518062
Steppe,Collinsia.parviflora,0.11638105
Steppe,Comandra.umbellata,0.115437447
Steppe,Cordylanthus.ramosus,0.121507786
Steppe,Crepis.acuminata,0.118244844
Steppe,Crucifer,0.118398962
Steppe,Cryptantha.affinis,0.115475327
Steppe,Cryptantha.ambigua,0.115841682
Steppe,Cryptantha.spp_,0.117011869
Steppe,Descurainia.pinnata,0.115459634
Steppe,Descurainia.spp_,0.115500394
Steppe,Draba.spp_,0.115708124
Steppe,Draba.verna,0.115764482
Steppe,Erigeron.engelmannii,0.115526482
Steppe,Erigeron.spp_,0.115410315
Steppe,Eriogonum.microthecum,0.115998292
Steppe,Gayophytum.diffusum,0.121467489
Steppe,Gayophytum.spp_,0.115469896
Steppe,Gilia.tweedyi,0.115625215
Steppe,Gutierrezia.sarothrae,0.115504158
Steppe,Hackelia.patens,0.115481806
Steppe,Hesperostipa.comata,0.116312642
Steppe,Koeleria.macrantha,0.115421329
Steppe,Lactuca.serriola,0.115479582
Steppe,Lactuca.spp_,0.115812129
Steppe,Lappula.occidentalis,0.138614564
Steppe,Lappula.sp_,0.115384615
Steppe,Lepidium.densiflorum,0.154103239
Steppe,Lepidium.spp_,0.116120275
Steppe,Leptosiphon.liniflorus,0.118421641
Steppe,Lewisia.rediviva,0.115811018
Steppe,Linanthus.pungens,0.116210534
Steppe,Lithospermum.ruderale,0.115396787
Steppe,Lomatium.macrocarpum,0.115503324
Steppe,Lomatium.sp_,0.11559947
Steppe,Lupinus.caudatus,0.115497355
Steppe,Nassella.viridula,0.115617749
Steppe,Navarretia.breweri,0.115556472
Steppe,Orobanche.ludoviciana,0.115938939
Steppe,Orobanche.sp_,0.115418987
Steppe,Phlox.multiflora,0.115504158
Steppe,Phlox.stansburyi,0.115497025
Steppe,Poa.cusickii,0.115431609
Steppe,Poa.secunda,0.115447029
Steppe,Polygonum.buxiforme,0.115748794
Steppe,Polygonum.douglasii,0.126624615
Steppe,Polygonum.engelmannii,0.120879121
Steppe,Polygonum.spp_,0.1165717
Steppe,Pseudoroegneria.spicata,0.117056232
Steppe,Salsola.tragus,0.116215519
Steppe,Sphaerostigma.andinum,0.122948811
Steppe,Tetradymia.canescens,0.11552201
Steppe,Thlaspi.arvense,0.115503324
Steppe,Tragopogon.dubius,0.115384615
Steppe,Tragopogon.spp_,0.115635833
Steppe,unknown.annual,0.155451549
Steppe,unknown.annual.mustard,0.115397317
Steppe,Viola.praemorsa,0.11539563
